Name,Profile,Team,Matches_Played,Total_points,Successful_raids,Raid_points,Successful_tackles,Tackle_points,Avg_raid_points,Avg_tackle_points,Do_or_Die_raid_points,Super_raids,Super_tackles,Super_10s,High_5s,Season
pardeep narwal,Raider,Patna Pirates,104,1108,836,1101,6,7,10.69,0.07,136,50,1,57,,All
rahul chaudhari,Raider,Tamil Thalaivas,119,1001,775,942,54,59,7.92,0.5,164,24,5,40,,All
deepak niwas hooda,All Rounder,Jaipur Pink Panthers,123,943,698,856,79,87,6.96,0.71,166,20,8,31,4,All
ajay thakur,Raider,Tamil Thalaivas,115,811,640,790,21,21,6.87,0.18,163,23,,29,,All
maninder singh,Raider,Bengal Warriors,78,727,576,718,8,9,9.21,0.12,102,21,1,32,,All
rohit kumar,Raider,Bengaluru Bulls,89,703,545,664,37,39,7.55,0.44,106,15,2,26,1,All
rishank devadiga,Raider,UP Yoddha,117,641,467,595,44,46,5.09,0.39,127,25,2,10,,All
kashiling adake,Raider,Bengaluru Bulls,92,612,424,561,44,51,6.1,0.55,103,23,7,15,,All
pawan kumar sehrawat,Raider,Bengaluru Bulls,75,612,445,578,31,34,8.03,0.45,71,19,3,26,,All
anup kumar,Raider,Jaipur Pink Panthers,91,596,421,527,61,69,5.79,0.76,33,17,8,13,,All
manjeet chhillar,All Rounder,Tamil Thalaivas,108,563,179,224,324,339,2.38,3.14,19,5,15,2,23,All
sandeep narwal,All Rounder,U Mumba,119,541,189,245,268,296,2.13,2.49,25,11,28,1,16,All
jang kun lee,Raider,Patna Pirates,103,483,366,460,20,23,4.47,0.22,100,14,3,9,,All
monu goyat,Raider,UP Yoddha,69,475,377,453,19,22,6.57,0.32,73,7,3,20,,All
sachin tanwar,Raider,Gujarat Fortune Giants,63,462,356,433,26,29,6.87,0.46,88,4,3,16,,All
nitin tomar,Raider,Puneri Paltan,66,454,366,431,20,23,6.63,0.35,52,10,3,14,,All
naveen kumar,Raider,Dabang Delhi,41,420,345,413,6,7,10.07,0.17,56,5,1,26,,All
jasvir singh,Raider,Tamil Thalaivas,77,412,295,380,25,32,5,0.42,61,7,7,7,,All
sukesh hegde,Raider,Bengal Warriors,96,400,289,385,13,15,4.01,0.16,98,15,2,1,,All
siddharth sirish desai,Raider,Telugu Titans,39,398,312,392,6,6,10.05,0.15,63,16,,19,,All
rajesh narwal,All Rounder,Dabang Delhi,92,397,224,284,105,113,3.26,1.23,57,12,8,4,3,All
vikash kandola,Raider,Haryana Steelers,51,395,302,386,9,9,7.57,0.18,77,12,,15,,All
meraj sheykh,All Rounder,Dabang Delhi,94,393,249,339,48,54,3.65,0.57,95,17,6,6,,All
prashanth kumar rai,Raider,Haryana Steelers,94,379,286,370,6,9,4.07,0.1,68,8,3,11,,All
shrikant jadhav,Raider,UP Yoddha,72,378,276,358,17,20,5.11,0.28,93,8,3,10,,All
k. prapanjan,Raider,Bengal Warriors,81,369,284,363,6,6,4.54,0.07,79,7,,10,,All
ravinder pahal,Defender,Dabang Delhi,108,332,8,14,299,318,0.54,2.94,,,19,,23,All
ran singh,All Rounder,Tamil Thalaivas,117,326,72,99,215,227,1.36,1.94,22,4,12,,4,All
deepak narwal,Raider,Jaipur Pink Panthers,81,324,244,311,12,13,3.89,0.16,71,4,1,9,,All
chandran ranjit,Raider,Dabang Delhi,60,320,250,310,8,10,5.17,0.17,38,9,2,6,,All
nilesh salunke,Raider,Jaipur Pink Panthers,79,317,229,303,12,14,3.99,0.18,78,9,2,5,,All
dharmaraj cheralathan,Defender,Haryana Steelers,116,300,29,43,232,257,0.57,2.22,6,,25,,12,All
wazir singh,Raider,Haryana Steelers,47,300,221,278,18,22,6.04,0.47,54,7,4,9,,All
fazel atrachali,Defender,U Mumba,97,296,2,4,274,292,0.14,3.01,,,18,,19,All
rohit baliyan,Raider,U Mumba,67,296,221,267,27,29,4.11,0.43,30,6,2,3,,All
mohit chhillar,Defender,Tamil Thalaivas,109,284,3,7,254,277,0.28,2.54,,,23,,18,All
pawan kumar kadian,Raider,Puneri Paltan,74,279,206,277,2,2,3.79,0.03,60,4,,5,,All
po surjeet singh,Defender,Puneri Paltan,92,275,7,9,250,266,0.17,2.89,,,16,,25,All
rajesh mondal,Raider,Puneri Paltan,89,270,212,260,9,10,2.92,0.11,126,7,1,1,,All
girish maruti ernak,Defender,Puneri Paltan,104,269,3,10,245,259,0.24,2.49,1,1,14,,16,All
rakesh kumar,All Rounder,Telugu Titans,55,260,164,186,68,74,3.38,1.35,17,1,6,3,1,All
surender nada,Defender,Haryana Steelers,71,243,15,21,206,222,0.54,3.13,2,,16,,19,All
amit hooda,Defender,Jaipur Pink Panthers,86,239,4,10,211,229,0.37,2.66,1,,18,,11,All
shabeer bappu,Raider,Tamil Thalaivas,74,236,169,213,16,23,2.88,0.31,53,5,7,5,1,All
manjeet,Raider,Puneri Paltan,42,233,162,191,40,42,4.55,1,34,5,2,4,,All
jeeva kumar,Defender,Bengal Warriors,111,227,1,1,204,226,,2.04,,,22,,5,All
rohit gulia,All Rounder,Gujarat Fortune Giants,58,226,176,211,14,15,3.64,0.26,37,3,1,4,,All
sandeep kumar dhull,Defender,Jaipur Pink Panthers,64,202,,1,183,201,,3.14,,,18,,13,All
vishal bhardwaj,Defender,Telugu Titans,59,199,1,1,177,198,0.04,3.36,,,21,,15,All
nitesh kumar,Defender,UP Yoddha,62,199,,2,182,197,0.22,3.18,,,15,,15,All
mahendra ganesh rajput,Raider,Gujarat Fortune Giants,62,195,132,180,13,15,2.95,0.24,47,9,2,2,,All
vishal mane,Defender,Dabang Delhi,124,194,,,185,194,,1.56,,,9,,8,All
deepak kumar dahiya,Raider,Puneri Paltan,53,189,142,181,7,8,3.42,0.15,79,8,1,2,,All
mahesh goud,Raider,Bengal Warriors,65,189,133,165,21,24,2.66,0.37,39,4,3,,,All
vijay,All Rounder,Dabang Delhi,58,186,97,125,57,61,2.36,1.05,11,3,4,1,1,All
parvesh bhainswal,Defender,Gujarat Fortune Giants,76,185,,,175,185,,2.43,,,10,,11,All
cpo surjeet singh,Raider,Tamil Thalaivas,48,184,138,176,8,8,3.67,0.17,19,3,,6,,All
ajay kumar,Raider,Gujarat Fortune Giants,50,183,137,182,1,1,3.79,0.02,79,4,,4,,All
sunil kumar,Defender,Gujarat Fortune Giants,68,182,3,3,167,179,0.08,2.63,1,,12,,10,All
kuldeep singh,All Rounder,Patna Pirates,66,182,39,59,103,123,1.13,1.86,7,2,20,,6,All
ravi dalal,Raider,Dabang Delhi,38,179,136,173,6,6,4.55,0.16,36,6,,3,,All
jaideep,Defender,Patna Pirates,67,177,,,167,177,0,2.64,,,10,,12,All
surjeet narwal,Raider,Bengal Warriors,31,174,133,160,12,14,5.16,0.45,12,4,2,7,,All
nitin madane,Raider,U Mumba,37,173,132,165,5,8,4.46,0.22,33,4,3,6,,All
joginder singh narwal,Defender,Dabang Delhi,79,173,3,4,159,169,0.8,2.14,1,,10,,2,All
more gb,Raider,Gujarat Fortune Giants,45,171,108,136,32,35,3.02,0.78,37,1,3,2,,All
surinder singh,Defender,U Mumba,62,169,1,4,160,165,0.4,2.66,,1,5,,7,All
mahender singh,Defender,Bengaluru Bulls,62,167,1,1,153,166,0.06,2.68,,,13,,12,All
nitin rawal,All Rounder,Jaipur Pink Panthers,45,167,91,122,39,45,2.98,1,35,6,6,2,1,All
abhishek singh,Raider,U Mumba,31,162,131,155,7,7,5,0.23,50,3,,8,,All
abozar mohajermighani,Defender,Telugu Titans,63,162,,2,147,160,0.09,2.54,,,13,,7,All
naveen,Raider,Haryana Steelers,35,160,114,144,14,16,4.11,0.46,28,5,2,2,,All
ashish kumar,All Rounder,Bengaluru Bulls,83,157,37,46,98,111,0.71,1.34,10,,13,,4,All
shrikant tewthia,All Rounder,Bengal Warriors,71,157,66,78,70,79,1.86,1.11,6,2,9,1,2,All
ravi kumar,Defender,Haryana Steelers,92,156,,,137,156,0,1.7,,,19,,8,All
selvamani k,Raider,Haryana Steelers,56,156,109,150,6,6,2.83,0.11,63,7,,2,,All
nilesh shinde,Defender,Dabang Delhi,69,153,11,18,121,135,0.47,1.96,2,,14,,7,All
abolfazl maghsodloumahali,Raider,Gujarat Fortune Giants,47,152,117,144,7,8,3.2,0.17,41,4,1,,,All
surender singh,Raider,UP Yoddha,48,145,97,136,9,9,2.96,0.19,41,4,,2,,All
monu,Raider,Patna Pirates,52,142,62,75,57,67,1.6,1.29,22,2,10,,1,All
tushar patil,Raider,Patna Pirates,53,139,104,135,4,4,2.6,0.08,43,5,,,,All
sonu narwal,Raider,Puneri Paltan,33,138,116,138,,,4.18,0,22,3,,1,,All
rohit rana,Defender,U Mumba,82,138,1,2,131,136,0.22,1.66,,,5,,7,All
farhad rahimi milaghardan,All Rounder,Telugu Titans,58,127,42,53,70,74,1.2,1.28,7,,4,,1,All
sunil jaipal,Raider,Bengaluru Bulls,38,125,63,87,29,38,2.29,1,13,4,9,,1,All
sachin shingade,Defender,Haryana Steelers,75,119,,,109,119,,1.59,,,10,,5,All
hadi oshtorak,All Rounder,Patna Pirates,69,119,8,15,90,104,0.71,1.51,3,,14,,3,All
jasmer singh gulia,All Rounder,Bengaluru Bulls,52,116,7,7,102,109,0.5,2.1,2,,7,,5,All
pankaj mohite,Raider,Puneri Paltan,16,113,84,110,3,3,6.88,0.19,24,4,,3,,All
c. arun,Defender,Telugu Titans,87,111,2,4,92,107,0.2,1.23,,,15,,3,All
mohsen maghsoudloujafari,All Rounder,UP Yoddha,46,111,55,75,32,36,1.74,0.78,28,2,4,1,,All
athul ms,Raider,U Mumba,37,109,84,108,1,1,3,0.03,20,,,,,All
sunil,Defender,Tamil Thalaivas,63,109,2,4,98,105,0.36,1.67,1,,7,,2,All
vinod kumar,All Rounder,Gujarat Fortune Giants,47,109,41,62,38,47,1.35,1,18,2,9,,2,All
d. suresh kumar,Defender,U Mumba,59,103,,,91,103,,1.75,,,12,,6,All
gurvinder singh,Raider,Gujarat Fortune Giants,45,100,59,82,17,18,1.95,0.4,30,2,1,1,,All
darshan kadian,Raider,Puneri Paltan,39,100,66,89,8,11,2.47,0.28,25,2,3,1,,All
vikas kale,Defender,Haryana Steelers,59,98,,,90,98,0,1.66,,,8,,4,All
rohit kumar choudary,Raider,UP Yoddha,38,96,64,93,3,3,2.45,0.08,39,6,,1,,All
vinay,Raider,Haryana Steelers,19,96,66,92,4,4,4.84,0.21,14,6,,2,,All
bajirao hodage,Defender,Jaipur Pink Panthers,61,95,,,90,95,,1.56,,,5,,2,All
mohammad esmaeil nabibakhsh,All Rounder,Bengal Warriors,19,95,55,70,23,25,3.68,1.32,7,3,2,1,1,All
rinku narwal,Defender,Bengal Warriors,47,94,2,2,85,92,0.17,1.96,1,,7,,4,All
ajinkya ashok pawar,Raider,Jaipur Pink Panthers,31,94,73,90,3,4,3,0.13,29,1,1,,,All
v. ajith kumar,Raider,Tamil Thalaivas,16,91,76,91,,,6.07,0,9,1,,3,,All
sunil,Defender,Haryana Steelers,39,87,,,86,87,,2.23,,,1,,5,All
mahipal narwal,All Rounder,Gujarat Fortune Giants,34,87,40,57,28,30,2.04,0.88,14,3,2,1,,All
somvir shekhar,Defender,Jaipur Pink Panthers,61,87,1,1,82,86,,1.41,,,4,,4,All
manoj kumar,Defender,Gujarat Fortune Giants,52,84,16,25,48,59,0.93,1.13,,2,11,,2,All
baldev singh,Defender,Bengal Warriors,37,84,,1,75,83,0.25,2.24,,,8,,7,All
bhupender singh,All Rounder,Bengal Warriors,47,83,48,71,11,12,1.54,0.26,34,4,1,,1,All
arjun deshwal,Raider,U Mumba,19,82,60,80,2,2,4.21,,11,2,,2,,All
amit sheoran,Defender,Bengaluru Bulls,38,81,,,76,81,,2.13,,,5,,5,All
anil kumar,Defender,Dabang Delhi,53,81,2,3,73,78,0.16,1.47,1,,5,,,All
sachin kumar,All Rounder,UP Yoddha,46,79,21,26,48,53,0.84,1.15,4,,5,,3,All
vikas jaglan,All Rounder,Patna Pirates,46,78,28,43,35,35,1.13,0.76,9,2,,,,All
sagar b krishna,All Rounder,Puneri Paltan,60,71,1,1,63,70,0.09,1.17,,,7,,5,All
sandeep kandola,Defender,Telugu Titans,16,70,7,11,55,59,1.38,3.69,,,4,,6,All
dong geon lee,Raider,U Mumba,32,70,53,70,,,2.19,0,17,1,,1,,All
jitesh joshi,All Rounder,Puneri Paltan,19,69,43,53,14,16,2.79,0.84,15,,2,,2,All
jawahar dagar,Defender,Patna Pirates,46,65,4,9,50,56,0.53,1.22,1,,6,,2,All
vineet sharma,Raider,Tamil Thalaivas,41,65,34,41,22,24,1.11,0.59,7,,2,,,All
kuldeep singh,Defender,Haryana Steelers,36,65,,1,59,64,,1.78,,,5,,3,All
neeraj kumar,Defender,Patna Pirates,36,64,,,59,64,,1.78,,,5,,3,All
pravin niwale,Raider,Dabang Delhi,17,64,43,62,2,2,3.88,0.12,14,5,,1,,All
sunil siddhgavali,Defender,Jaipur Pink Panthers,42,63,4,5,51,58,0.5,1.38,2,,7,,5,All
sumit singh,Raider,Bengaluru Bulls,32,63,39,54,7,9,1.74,0.28,13,,2,,,All
sumit,Defender,UP Yoddha,18,63,1,2,60,61,0.5,3.39,,,1,,5,All
surender gill,Raider,UP Yoddha,15,62,41,54,7,8,3.6,0.53,24,1,1,,,All
ruturaj shivaji koravi,Defender,Gujarat Fortune Giants,38,62,,,59,62,,1.63,,,3,,1,All
vishal,All Rounder,Jaipur Pink Panthers,25,62,2,3,47,59,0.33,2.36,2,,12,,2,All
akshay jadhav,Raider,Puneri Paltan,29,62,34,37,22,25,1.32,0.86,9,1,3,,2,All
vinod kumar,Raider,Bengaluru Bulls,29,61,43,52,9,9,2,0.31,26,,,,,All
amit singh chhillar,Defender,Telugu Titans,35,60,1,1,55,59,0.17,1.69,,,4,,2,All
prashant chavan,Defender,Dabang Delhi,41,57,1,1,50,56,0.09,1.37,,,6,,2,All
sonu jaglan,Raider,Gujarat Fortune Giants,15,56,42,52,3,4,3.47,,9,3,1,1,,All
rajaguru subramanian,Defender,U Mumba,46,55,,1,51,54,0.17,1.17,,,3,,,All
rajnish,Raider,Telugu Titans,14,54,39,52,2,2,3.71,0.14,11,1,,2,,All
shyam kumar sah,Defender,Bengal Warriors,27,53,11,17,34,36,1,1.33,1,1,2,,1,All
rakesh narwal,Raider,Bengal Warriors,25,52,35,50,2,2,2.08,0.08,10,4,,,,All
amit om prakash rathi,Raider,Gujarat Fortune Giants,16,52,33,46,4,6,2.88,0.38,17,1,2,,,All
d. pradap,All Rounder,Tamil Thalaivas,29,51,11,18,31,33,0.78,1.14,4,,2,,,All
d. gopu,Defender,Tamil Thalaivas,34,51,4,4,40,47,0.4,1.38,,,7,,1,All
sachin khambe,Defender,Puneri Paltan,22,51,5,5,40,46,0.56,2.09,1,,6,,2,All
rakesh singh kumar,Defender,Haryana Steelers,49,50,1,1,46,49,0.07,1,,,3,,2,All
parmod narwal,All Rounder,Haryana Steelers,35,49,13,21,25,28,0.84,0.8,2,1,3,,,All
ravindra ramesh kumawat,Raider,Bengal Warriors,18,49,34,42,7,7,2.33,0.39,16,2,,,,All
vinod kumar,Defender,Puneri Paltan,27,48,,,48,48,,1.78,,,,,1,All
saurabh nandal,Defender,Bengaluru Bulls,18,48,1,1,42,47,,2.61,,,5,,5,All
darshan j.,Defender,Tamil Thalaivas,29,47,,1,45,46,,1.59,,,1,,1,All
anand patil,Raider,Jaipur Pink Panthers,26,46,33,46,,,1.84,0,12,3,,,,All
harish naik,Raider,Bengaluru Bulls,21,45,34,45,,,2.14,0,6,,,1,,All
yogesh hooda,Raider,Dabang Delhi,21,45,29,35,10,10,1.84,0.48,15,,,,,All
preetam chhillar,All Rounder,Bengaluru Bulls,58,45,9,15,30,30,0.44,0.52,,1,,,,All
suraj desai,Raider,Telugu Titans,12,45,35,44,1,1,4,0.08,3,1,,1,,All
amit kumar,Raider,Puneri Paltan,19,45,16,25,19,20,1.47,1.05,14,1,1,,,All
satpal,Defender,Dabang Delhi,22,43,,5,32,38,0.56,1.73,1,,6,,1,All
kalimuthu balamahendran,Defender,Telugu Titans,23,43,10,18,19,25,1.2,1.09,5,2,6,,,All
santhapanaselvam,All Rounder,Jaipur Pink Panthers,32,43,,,40,43,,1.34,,,3,,,All
narender,All Rounder,UP Yoddha,28,42,,,37,42,,1.5,,,5,,2,All
sombir,Defender,Dabang Delhi,31,41,,,35,41,,1.32,,,6,,2,All
gangadhari mallesh,Raider,Jaipur Pink Panthers,36,41,14,19,18,22,0.73,0.61,6,,4,,,All
kuldeep singh,Defender,Bengaluru Bulls,20,40,,,37,40,,2,,,3,,3,All
sachin vittala,Defender,Gujarat Fortune Giants,26,39,11,14,24,25,2,0.96,4,1,1,,,All
pankaj,All Rounder,Gujarat Fortune Giants,23,38,,,38,38,0,1.65,,,,,1,All
mohammad esmaeil maghsoudlou mahalli,Raider,Patna Pirates,17,38,25,31,5,7,1.94,0.41,7,,2,,,All
manish,Defender,Patna Pirates,40,37,,,30,37,,0.93,,,7,,,All
r. sriram,Raider,Puneri Paltan,15,36,29,35,1,1,2.33,0.07,16,,,,,All
suresu kumar,Raider,Dabang Delhi,21,35,26,31,4,4,1.55,0.19,15,,,,,All
vikas kumar,Raider,Telugu Titans,14,35,26,30,4,5,2.14,0.36,9,,1,,,All
jadhav balasaheb shahaji,Defender,Puneri Paltan,18,35,,,28,35,,1.94,,,7,,3,All
amit kumar,Raider,Jaipur Pink Panthers,17,33,10,12,20,21,1.09,1.24,5,1,1,,1,All
mayur shivtarkar,All Rounder,Bengal Warriors,29,33,6,9,24,24,0.53,0.83,5,,,,,All
ziaur rahman,Defender,Bengal Warriors,34,32,,,30,32,,0.94,,,2,,1,All
ajit singh,Raider,Jaipur Pink Panthers,17,32,24,32,,,1.88,,9,1,,,,All
vijin thangadurai,Defender,Bengal Warriors,51,32,,,27,32,,0.63,,,5,,,All
parveen,Defender,Haryana Steelers,25,32,1,3,23,29,0.5,1.16,,,6,,1,All
ashu singh,Defender,UP Yoddha,18,32,,,30,32,,1.78,,,2,,,All
amit,Defender,UP Yoddha,32,31,1,2,26,29,0.33,0.91,,,3,,,All
rakesh gowda,Raider,Telugu Titans,9,31,20,22,6,9,2.44,1,2,,3,,,All
sidharth,All Rounder,Dabang Delhi,21,31,3,4,24,27,0.36,1.29,,,3,,1,All
vinoth kumar,Raider,U Mumba,17,30,25,30,,,1.76,0,14,,,,,All
shubham shinde,Defender,Puneri Paltan,23,30,1,1,24,29,0.07,1.26,,,5,,,All
azad singh,Raider,UP Yoddha,13,29,17,27,2,2,2.08,0.15,6,1,,,,All
viraj vishnu landge,Defender,Bengal Warriors,34,29,,,29,29,,0.85,,,,,,All
manpreet singh,Raider,Patna Pirates,13,29,20,24,5,5,1.85,0.38,4,,,,,All
umesh mhatre,Raider,Puneri Paltan,13,28,16,19,7,9,1.46,0.69,8,,2,,,All
mangesh bhagat,Raider,Puneri Paltan,8,28,19,27,1,1,3.38,0.13,6,,,,,All
gurpreet singh,Defender,Puneri Paltan,18,28,1,2,25,26,,1.44,1,,1,,1,All
rakshith,Raider,Telugu Titans,17,28,23,26,2,2,1.53,0.12,4,,,,,All
wasim sajjad,Defender,Telugu Titans,17,27,,,24,27,,1.59,,,3,,,All
hadi tajik,Defender,Puneri Paltan,28,27,3,5,21,22,0.45,0.79,1,,1,,,All
vikash,Defender,Haryana Steelers,19,26,,,24,26,,1.37,,,2,,,All
pradeep kumar,Raider,U Mumba,10,26,19,24,1,2,3,0.2,5,2,1,1,,All
ashish chhokar,Raider,Bengal Warriors,12,25,13,21,4,4,1.75,0.33,4,1,,,,All
anil kumar,Defender,Dabang Delhi,19,25,1,1,19,24,0.33,1.26,1,,5,,,All
deepak kumar rathee,All Rounder,Haryana Steelers,20,24,7,9,14,15,0.56,0.75,6,1,1,,,All
manoj dhull,Defender,Bengal Warriors,27,24,,,23,24,,0.89,,,1,,,All
armaan,All Rounder,Telugu Titans,10,24,15,22,1,2,2.2,0.2,6,2,1,1,,All
amit nagar,Raider,Bengal Warriors,12,23,14,17,6,6,1.55,0.5,4,,,,,All
young chang ko,Defender,U Mumba,37,23,,,17,23,,0.62,,,6,,1,All
raju lal choudhary,Defender,Bengaluru Bulls,23,23,,,23,23,,1,,,,,,All
navneet gautam,Defender,Jaipur Pink Panthers,31,22,,1,20,21,0.2,0.68,,,1,,1,All
tae deok eom,All Rounder,Patna Pirates,35,22,10,14,7,8,1,0.23,5,,1,,,All
dadaso balaso awad,All Rounder,Dabang Delhi,12,22,4,5,14,17,0.56,1.42,2,,3,,,All
samarjeet singh,All Rounder,Jaipur Pink Panthers,22,22,2,3,16,19,0.27,0.86,,,3,,,All
somvir,Defender,Telugu Titans,16,22,,1,20,21,,1.31,,,1,,,All
rahul kumar,Defender,Bengal Warriors,30,22,,,20,22,,0.73,,,2,,,All
suresh kumar,Raider,Puneri Paltan,11,22,12,22,,,2,,9,,,,,All
banty,Raider,Bengaluru Bulls,11,21,13,18,3,3,1.8,0.27,6,,,,,All
swapnil dilip shinde,Defender,Dabang Delhi,21,21,,,21,21,,1,,,,,,All
vijendar singh,All Rounder,Telugu Titans,8,20,,,19,20,,2.5,,,1,,2,All
sushil gulia,Raider,Jaipur Pink Panthers,7,20,12,19,1,1,2.71,,8,2,,,,All
ponparthiban subramanian,Defender,Tamil Thalaivas,18,20,,,19,20,,1.11,,,1,,1,All
dinesh kumar,All Rounder,Bengal Warriors,8,19,17,19,,,2.38,,4,,,,,All
nitin more,Defender,Bengal Warriors,22,19,,,19,19,,0.86,,,,,1,All
rupesh tomar,All Rounder,Dabang Delhi,15,19,4,5,11,14,0.71,0.93,,,3,,,All
anil shriram nimbolkar,Raider,Dabang Delhi,6,19,9,15,2,4,2.5,0.67,4,1,2,1,,All
sandeep,Defender,Bengaluru Bulls,14,19,,,16,19,,1.36,,,3,,,All
krushna madane,Defender,Telugu Titans,16,18,1,1,17,17,0.14,1.06,,,,,,All
ram kumar sah,Defender,Dabang Delhi,11,18,3,3,14,15,0.75,1.36,,,1,,2,All
amit kumar,All Rounder,Puneri Paltan,6,18,9,16,1,2,2.67,,4,,1,,,All
harendra kumar,Defender,U Mumba,16,17,,,16,17,,1.06,,,1,,1,All
mohit sehrawat,Defender,Bengaluru Bulls,13,17,4,5,10,12,0.42,0.92,3,,2,,1,All
adarsh t,Defender,Bengal Warriors,19,17,1,2,12,15,,0.79,,,3,,,All
kamal singh,Raider,Telugu Titans,11,17,7,13,3,4,1.63,0.36,3,,1,,,All
amit kumar,Raider,Telugu Titans,11,17,3,4,11,13,0.36,1.18,3,,2,,,All
sanjay kumar,All Rounder,Patna Pirates,8,16,9,15,1,1,2.14,0.13,4,2,,,,All
s mahalingam,All Rounder,Telugu Titans,11,16,,,14,16,,1.45,,,2,,,All
elangeshwaran r,All Rounder,Telugu Titans,5,16,7,12,2,4,2.4,0.8,4,1,2,,,All
m. thivakaran,Raider,Tamil Thalaivas,9,16,11,14,2,2,1.56,,8,,,,,All
isac antony,Raider,Telugu Titans,9,15,10,11,4,4,1.57,0.44,2,,,,,All
virender wazir singh,Raider,Bengal Warriors,7,15,7,14,1,1,2,,7,1,,,,All
sanket chavan,Defender,Tamil Thalaivas,13,15,,,15,15,,1.15,,,,,,All
mohammad maghshoudulu,All Rounder,Patna Pirates,18,15,9,14,1,1,0.88,,9,,,,,All
sumit malik,Defender,Gujarat Fortune Giants,14,15,,,14,15,,1.07,,,1,,,All
ajeet,Defender,Tamil Thalaivas,14,14,,,13,14,,1,,,1,,,All
c manoj kumar,Defender,Telugu Titans,12,14,7,10,4,4,1.11,0.33,1,,,,,All
anand,Raider,Tamil Thalaivas,8,14,10,14,,,1.75,,6,1,,,,All
vijay kumar,Defender,Bengaluru Bulls,21,14,1,3,8,11,0.43,0.52,2,,3,,,All
victor onyango obiero,All Rounder,Tamil Thalaivas,6,14,8,12,1,2,2,,,,1,,,All
sagar khatale,Defender,Puneri Paltan,12,14,,,14,14,,1.17,,,,,,All
waleed al hasani,Raider,Puneri Paltan,6,14,10,14,,,2.33,,1,1,,,,All
seong ryeol kim,Defender,Gujarat Fortune Giants,15,14,2,3,10,11,0.75,0.73,2,,1,,,All
kedar lal,Raider,Bengal Warriors,10,13,7,12,1,1,1.2,,9,1,,,,All
deepak dhull,Defender,Patna Pirates,10,13,,1,11,12,,1.2,,,1,,1,All
ankit,Defender,Gujarat Fortune Giants,12,13,,,11,13,,1.08,,,2,,,All
sushant sail,Raider,Puneri Paltan,9,12,8,12,,,1.33,,1,,,,,All
sachin narwal,All Rounder,Jaipur Pink Panthers,12,12,7,11,1,1,1,0.08,3,1,,,,All
pavan t. r.,Defender,Jaipur Pink Panthers,15,12,,,10,12,,0.8,,,2,,,All
parvesh,Raider,Puneri Paltan,6,12,5,7,4,5,1.17,0.83,1,,1,,,All
lalit chaudhary,Raider,Gujarat Fortune Giants,7,12,2,5,5,7,0.71,1,,,2,,,All
jeeva gopal,Defender,Haryana Steelers,24,12,,,10,12,,0.5,,,2,,,All
santhosh b.s,Defender,UP Yoddha,9,12,1,3,8,9,0.43,1,,1,1,,,All
n. renjith,Defender,U Mumba,11,12,,,10,12,,1.09,,,2,,,All
sandeep,All Rounder,Puneri Paltan,6,12,4,7,4,5,2.33,0.83,2,,1,,,All
yatharth deshwal,All Rounder,Dabang Delhi,6,11,,,10,11,,1.83,,,1,,,All
simon kibura,Raider,Bengal Warriors,9,11,8,9,2,2,1.29,0.22,2,,,,,All
vijender singh,Defender,Bengaluru Bulls,8,11,,1,9,10,,1.25,,,1,,,All
g.s. manikandan,Defender,Dabang Delhi,20,11,,,10,11,,0.55,,,1,,,All
balbir singh,All Rounder,Jaipur Pink Panthers,10,10,7,10,,,1,,2,,,,,All
tapas pal,All Rounder,Dabang Delhi,7,10,,,10,10,,1.43,,,,,,All
ravinder kumar,All Rounder,Patna Pirates,12,10,,,9,10,,0.83,,,1,,,All
sagar,Defender,Tamil Thalaivas,10,10,,,9,10,,1,,,1,,,All
bhanu pratap tomar,Raider,UP Yoddha,6,9,6,9,,,1.5,,1,,,,,All
ankit,Defender,Bengaluru Bulls,13,9,,,8,9,0,0.69,,,1,,,All
anil kumar,Raider,Tamil Thalaivas,6,9,,1,8,8,,1.33,,,,,1,All
shubham ashok palkar,Raider,Gujarat Fortune Giants,12,9,8,9,,,0.75,,4,,,,,All
anand surendra tomar,Raider,Haryana Steelers,5,9,7,8,1,1,1.6,,2,,,,,All
deepak kumar,Defender,Bengal Warriors,7,9,,,7,9,,1.29,,,2,,1,All
saeid ghaffari,Defender,Dabang Delhi,9,8,,,8,8,,0.89,,,,,,All
deepak yadav,Defender,Puneri Paltan,7,8,,,7,8,,1.14,,,1,,,All
mohan raman g,Raider,U Mumba,4,8,4,8,,,2,,1,,,,,All
ravi v.,Raider,Puneri Paltan,2,8,5,8,,,4,,3,,,,,All
harvinder singh,Defender,Puneri Paltan,4,8,,,7,8,,2,,,1,,,All
amit kumar tomar,Raider,Dabang Delhi,9,8,3,6,2,2,0.67,0.22,1,,,,,All
anil kashinath patil,All Rounder,Jaipur Pink Panthers,5,8,6,8,,,1.6,,6,,,,,All
emad sedaghatnia,Raider,Puneri Paltan,2,8,5,8,,,4,,,,,,,All
ankit beniwal,Raider,Telugu Titans,7,8,5,7,1,1,1,,,,,,,All
ajay,Defender,Bengaluru Bulls,16,8,1,2,6,6,,0.38,,,,,,All
m. abishek,Defender,Tamil Thalaivas,6,8,,,8,8,,1.33,,,,,,All
sanket sawant,Defender,Puneri Paltan,5,7,,,7,7,,1.4,,,,,,All
chand singh,Defender,Haryana Steelers,9,7,1,1,5,6,,0.67,,,1,,,All
ankush,Raider,UP Yoddha,3,7,4,6,1,1,2,,2,,,,,All
mahesh maruti magdum,All Rounder,Bengaluru Bulls,4,7,5,7,,,2.33,,2,,,,,All
gnanasekaran m,Defender,Dabang Delhi,8,7,3,5,1,2,1,0.25,,,1,,,All
david shilisia j mosambayi,Raider,Jaipur Pink Panthers,7,6,2,6,,,0.86,,,,,,,All
rahul choudhary,Raider,Jaipur Pink Panthers,5,6,4,5,1,1,1,,1,,,,,All
vikash kumar,Raider,U Mumba,6,6,4,6,,,1,,,,,,,All
parveen m. jangra,Defender,Bengal Warriors,6,6,1,1,5,5,0.25,0.83,,,,,,All
sinotharan kanesharajah,Raider,Bengaluru Bulls,3,6,2,5,1,1,1.67,,1,1,,,,All
ehsan zamani fard,Defender,Dabang Delhi,8,6,3,4,2,2,0.5,0.25,,,,,,All
bhuvneshwar gaur,Raider,Haryana Steelers,6,6,3,6,,,1,,,,,,,All
anuj kumar,Defender,Telugu Titans,7,6,1,1,4,5,,0.71,,,1,,,All
dharmender,Raider,Gujarat Fortune Giants,4,5,2,5,,,1.67,,,1,,,,All
amit kharb,Defender,Gujarat Fortune Giants,11,5,,,3,5,,0.45,,,2,,,All
gurvinder singh,Defender,UP Yoddha,5,5,,,5,5,,1,,,,,,All
ashish,Raider,Patna Pirates,7,5,3,5,,,0.71,,1,,,,,All
amit kumar,All Rounder,Patna Pirates,3,5,3,5,,,1.67,,,1,,,,All
harmanjit singh,Raider,Gujarat Fortune Giants,4,5,5,5,,,1.25,,,,,,,All
wajid ali,All Rounder,Telugu Titans,4,5,3,4,1,1,,0.25,,,,,,All
mandeep kumar,Raider,Patna Pirates,7,5,2,5,,,1,0,,1,,,,All
punit kumar teotia,Raider,Dabang Delhi,4,5,2,3,2,2,0.75,0.5,,,,,,All
vikas tomar,Defender,Puneri Paltan,9,5,,,4,5,,0.56,,,1,,,All
varinder singh,Defender,Patna Pirates,8,5,,,5,5,,0.63,,,,,,All
t. prasad,All Rounder,Telugu Titans,9,5,,,5,5,,0.56,,,,,,All
prateek,All Rounder,Haryana Steelers,6,5,1,3,2,2,0.6,,,,,,,All
vikash,All Rounder,Bengal Warriors,4,5,,,5,5,,1.25,,,,,,All
jagdeesha k.k.,Defender,Jaipur Pink Panthers,7,5,,,5,5,,0.71,,,,,,All
vijay malik,Raider,Patna Pirates,7,5,4,5,,,0.71,,3,,,,,All
rohit,Raider,Bengaluru Bulls,2,4,3,4,,,,,1,,,,,All
e subash,All Rounder,U Mumba,4,4,,,3,4,,1,,,1,,,All
lokesh kaushik,Raider,Jaipur Pink Panthers,7,4,2,2,2,2,0.33,,,,,,,All
rajeev kumar,Defender,Dabang Delhi,3,4,,,4,4,,1.33,,,,,,All
gurchet singh,All Rounder,Bengaluru Bulls,4,4,1,1,3,3,0.25,0.75,,,,,,All
sunil hanumanthappa,Raider,Bengaluru Bulls,5,4,1,2,2,2,,,,,,,,All
dovlet boshimov,Raider,Patna Pirates,2,4,3,4,,,,,1,,,,,All
elavarasan a,Defender,Jaipur Pink Panthers,3,4,,,3,4,,1.33,,,1,,,All
sudhanshu tyagi,Defender,Haryana Steelers,13,4,,,4,4,,0.31,,,,,,All
aman kadian,Raider,Dabang Delhi,4,4,2,3,1,1,0.75,,,,,,,All
purna singh,Raider,Patna Pirates,6,4,3,4,,,0.8,,1,,,,,All
arun kumar hn,Raider,Haryana Steelers,4,3,2,3,,,0.75,,,,,,,All
mithin kumar,Raider,Bengal Warriors,3,3,2,3,,,1,,2,,,,,All
satish,Defender,Patna Pirates,10,3,,,3,3,,0.3,,,,,,All
muruthu m,Defender,Tamil Thalaivas,3,3,,,3,3,,1,,,,,,All
tushar balaram bhoir,Defender,Dabang Delhi,10,3,,,2,3,,0.3,,,1,,,All
anand v,Raider,Bengaluru Bulls,3,3,3,3,,,1,,3,,,,,All
md. masud karim,Raider,UP Yoddha,3,3,2,3,,,,,1,,,,,All
ravinder,All Rounder,Patna Pirates,5,3,,,2,3,,0.6,,,1,,,All
himanshu,Defender,Tamil Thalaivas,3,3,1,2,1,1,,,,,,,,All
parveen kumar,Defender,Bengal Warriors,8,3,,,2,3,,0.38,,,1,,,All
gulveer singh,Raider,UP Yoddha,4,3,1,3,,,0.75,,,,,,,All
sanoj kumar,Defender,UP Yoddha,2,3,2,2,1,1,,0.5,,,,,,All
rohit kumar,Defender,UP Yoddha,7,3,1,2,1,1,,0.14,,,,,,All
bhavani rajput,Raider,Tamil Thalaivas,4,3,1,3,,,0.75,,1,,,,,All
vikrant,Raider,Telugu Titans,3,3,1,3,,,,,,,,,,All
hyunil park,All Rounder,Telugu Titans,2,3,1,2,1,1,,,,,,,,All
ravit kumar,Raider,Telugu Titans,3,2,1,1,1,1,,0.33,,,,,,All
shashank wankhede,Defender,Bengal Warriors,5,2,,,2,2,,0.4,,,,,,All
jay bahadur bohara,Raider,Puneri Paltan,1,2,1,2,,,,,2,,,,,All
nirbhay narwal,Defender,Bengaluru Bulls,2,2,1,1,1,1,,,1,,,,,All
sushil vijay bhosle,Defender,Bengal Warriors,2,2,,,2,2,,1,,,,,,All
babu m,Defender,Haryana Steelers,2,2,,,2,2,,1,,,,,,All
n. shiva ramakrishna,All Rounder,Jaipur Pink Panthers,1,2,,,1,2,,,,,1,,,All
vishav chaudhary,Defender,UP Yoddha,2,2,1,2,,,1,,,,,,,All
kuldeep,Raider,Bengal Warriors,5,2,,,2,2,,,,,,,,All
farhad kamal gharibi,Defender,Bengal Warriors,2,2,,,1,2,,,,,1,,,All
takamitsu kono,All Rounder,Puneri Paltan,1,2,1,1,1,1,,,,,,,,All
dong ju hong,All Rounder,U Mumba,9,2,1,2,,,0.33,,,,,,,All
gokul shitole,Defender,Jaipur Pink Panthers,4,2,,,2,2,,0.5,,,,,,All
md. aruduzzaman munshi,Raider,U Mumba,6,2,2,2,,,,,,,,,,All
sandeep tomar,Raider,Dabang Delhi,3,2,2,2,,,0.67,,1,,,,,All
vinoth paulyas,Raider,Patna Pirates,4,2,2,2,,,0.5,,2,,,,,All
anoop e.v.,Raider,U Mumba,3,2,,,2,2,,0.67,,,,,,All
sandeep malik,Defender,Puneri Paltan,1,2,,,1,2,,,,,1,,,All
aman kumar,Defender,Patna Pirates,4,2,,,2,2,,0.5,,,,,,All
balram,All Rounder,Dabang Delhi,2,2,1,2,,,,,2,,,,,All
palle mallikarjun,Raider,Telugu Titans,3,2,2,2,,,0.67,,,,,,,All
gurdeep,All Rounder,UP Yoddha,2,2,,,2,2,,,,,,,,All
gaurav kumar,Raider,U Mumba,3,2,2,2,,,0.67,,,,,,,All
yashwant bishnoi,Raider,Tamil Thalaivas,3,2,2,2,,,0.67,,,,,,,All
vimal raj v,All Rounder,Tamil Thalaivas,5,2,2,2,,,0.5,,1,,,,,All
vikram kandola,Defender,Haryana Steelers,3,1,,,1,1,,0.33,,,,,,All
aashish nagar,Defender,UP Yoddha,3,1,,,1,1,,,,,,,,All
ajinkya rohidas kapre,All Rounder,U Mumba,2,1,1,1,,,,,,,,,,All
munish,Raider,Telugu Titans,3,1,,1,,,,,,,,,,All
naveen narwal,Defender,Bengal Warriors,3,1,,,1,1,,0.33,,,,,,All
sumit,Defender,Dabang Delhi,2,1,,,1,1,,,,,,,,All
satywan,Defender,Dabang Delhi,1,1,,,1,1,,,,,,,,All
aman,Defender,Bengaluru Bulls,2,1,,,1,1,,,,,,,,All
vikas chhillar,Raider,Haryana Steelers,1,1,1,1,,,,,,,,,,All
sunny,Raider,Patna Pirates,3,1,,1,,,0.33,,1,,,,,All
adinath sakharam gavali,Defender,U Mumba,1,1,,,1,1,,1,,,,,,All
rohit kumar prajapat,Raider,Jaipur Pink Panthers,3,1,,,1,1,0,,,,,,,All
kazuhiro takano,All Rounder,Jaipur Pink Panthers,2,1,1,1,,,,,,,,,,All
inderpal bishnoi,Raider,Dabang Delhi,2,1,1,1,,,,,,,,,,All
amit kumar,All Rounder,Puneri Paltan,1,1,,,1,1,,,,,,,,All
sunil subhash lande,Defender,Puneri Paltan,4,1,,,1,1,,0.25,,,,,,All
atif waheed,All Rounder,Telugu Titans,3,1,,,1,1,,0.33,,,,,,All
nithesh b r,Defender,Bengaluru Bulls,2,1,,,1,1,,,,,,,,All
mohammad taghi paein mahali,Raider,Bengal Warriors,3,1,,,1,1,,,,,,,,All
yong joo ok,All Rounder,U Mumba,1,1,1,1,,,,,1,,,,,All
vishnu uthaman,Raider,Patna Pirates,3,1,,,1,1,0,,,,,,,All
ajvender singh,Raider,UP Yoddha,2,1,,,1,1,,,,,,,,All
sanju,Raider,Dabang Delhi,4,1,,,1,1,,0.25,,,,,,All
ravinandan g.m.,Defender,Dabang Delhi,1,1,,,1,1,,,,,,,,All
navjot singh,Defender,Dabang Delhi,1,1,,,1,1,,,,,,,,All
parvesh attri,Raider,Bengaluru Bulls,1,1,1,1,,,,,1,,,,,All
hardeep duhan,Defender,Bengaluru Bulls,1,1,,,1,1,,,,,,,,All
parveen narwal,All Rounder,Jaipur Pink Panthers,1,1,1,1,,,,,,,,,,All
ajay singh,Defender,Bengaluru Bulls,1,1,,,1,1,,1,,,,,,All
nitin kumar,All Rounder,U Mumba,1,1,1,1,,,,,1,,,,,All
jishnu,Defender,Telugu Titans,3,1,,,1,1,,0.33,,,,,,All
masayuki shimokawa,Raider,U Mumba,7,,,,,,0,,,,,,,All
kamal kishor jat,Raider,Dabang Delhi,7,,,,,,0,,,,,,,All
c kalai arasan,Defender,Gujarat Fortune Giants,3,,,,,,,0,,,,,,All
pardeep kandola,Defender,Bengaluru Bulls,3,,,,,,,0,,,,,,All
kiran a,Defender,Telugu Titans,4,,,,,,,0,,,,,,All
anil singh,Defender,Puneri Paltan,2,,,,,,,0,,,,,,All
pawan kumar sehrawat,Raider,Bengaluru Bulls,19,256,187,242,13,14,12.74,0.74,14,6,1,13,,7
pardeep narwal,Raider,Patna Pirates,19,243,190,243,,,12.79,,38,12,,13,,7
naveen kumar,Raider,Dabang Delhi,19,243,201,241,2,2,12.68,0.11,30,2,,18,,7
maninder singh,Raider,Bengal Warriors,19,192,161,192,,,10.11,0,24,6,,9,,7
siddharth sirish desai,Raider,Telugu Titans,18,177,143,174,3,3,9.67,0.17,22,6,,7,,7
deepak niwas hooda,All Rounder,Jaipur Pink Panthers,20,158,113,146,10,12,7.3,0.6,25,2,2,7,,7
vikash kandola,Raider,Haryana Steelers,16,157,119,153,4,4,9.56,0.25,38,6,,9,,7
manjeet,Raider,Puneri Paltan,20,131,86,104,26,27,5.2,1.35,17,2,1,2,,7
rohit gulia,All Rounder,Gujarat Fortune Giants,20,127,95,118,8,9,5.9,0.45,11,1,1,4,,7
rahul chaudhari,Raider,Tamil Thalaivas,19,125,96,117,8,8,6.16,0.42,24,,,4,,7
shrikant jadhav,Raider,UP Yoddha,18,117,83,114,3,3,6.33,0.17,26,2,,3,,7
pankaj mohite,Raider,Puneri Paltan,16,113,84,110,3,3,6.88,0.19,24,4,,3,,7
abhishek singh,Raider,U Mumba,16,109,93,108,1,1,6.75,0.06,32,2,,6,,7
chandran ranjit,Raider,Dabang Delhi,18,104,76,100,3,4,5.56,0.22,9,3,1,2,,7
k. prapanjan,Raider,Bengal Warriors,18,101,71,99,2,2,5.82,0.11,10,4,,3,,7
vinay,Raider,Haryana Steelers,19,96,66,92,4,4,4.84,0.21,14,6,,2,,7
mohammad esmaeil nabibakhsh,All Rounder,Bengal Warriors,19,95,55,70,23,25,3.68,1.32,7,3,2,1,1,7
rohit kumar,Raider,Bengaluru Bulls,17,92,69,88,4,4,5.18,0.24,11,2,,3,,7
v. ajith kumar,Raider,Tamil Thalaivas,16,91,76,91,,,6.07,0,9,1,,3,,7
sachin tanwar,Raider,Gujarat Fortune Giants,16,85,65,84,1,1,5.25,0.06,23,1,,2,,7
arjun deshwal,Raider,U Mumba,16,78,57,76,2,2,4.75,,11,2,,2,,7
sandeep kumar dhull,Defender,Jaipur Pink Panthers,20,68,,1,60,67,,3.35,,,7,,5,7
more gb,Raider,Gujarat Fortune Giants,17,64,35,43,20,21,2.53,1.24,14,,1,,,7
sumit,Defender,UP Yoddha,18,63,1,2,60,61,0.5,3.39,,,1,,5,7
surender gill,Raider,UP Yoddha,15,62,41,54,7,8,3.6,0.53,24,1,1,,,7
vishal bhardwaj,Defender,Telugu Titans,18,61,,,52,61,0,3.39,,,9,,5,7
nitin tomar,Raider,Puneri Paltan,13,60,49,54,5,6,4.5,0.46,,,1,1,,7
fazel atrachali,Defender,U Mumba,18,59,1,2,54,57,0.22,3.17,,,3,,2,7
prashanth kumar rai,Raider,Haryana Steelers,13,58,45,58,,,4.46,,8,,,1,,7
sandeep narwal,All Rounder,U Mumba,18,58,12,16,37,42,1,2.33,2,,5,,1,7
ajay thakur,Raider,Tamil Thalaivas,13,58,47,58,,,4.46,,8,2,,1,,7
naveen,Raider,Haryana Steelers,14,58,43,56,2,2,4,0.14,10,1,,1,,7
sonu jaglan,Raider,Gujarat Fortune Giants,15,56,42,52,3,4,3.47,,9,3,1,1,,7
baldev singh,Defender,Bengal Warriors,19,56,,,51,56,,2.95,,,5,,6,7
deepak narwal,Raider,Jaipur Pink Panthers,17,56,44,55,1,1,3.24,0.06,12,,,1,,7
ravinder pahal,Defender,Dabang Delhi,19,55,,,55,55,,2.89,,,,,3,7
nilesh salunke,Raider,Jaipur Pink Panthers,17,55,40,53,2,2,3.12,0.12,9,1,,1,,7
po surjeet singh,Defender,Puneri Paltan,19,53,1,2,46,51,0.25,2.68,,,5,,5,7
farhad rahimi milaghardan,All Rounder,Telugu Titans,18,52,20,25,27,27,1.47,1.5,3,,,,,7
neeraj kumar,Defender,Patna Pirates,19,51,,,47,51,,2.68,,,4,,3,7
nitesh kumar,Defender,UP Yoddha,18,51,,1,44,50,,2.78,,,6,,3,7
nitin rawal,All Rounder,Jaipur Pink Panthers,15,51,23,32,15,19,2.46,1.27,8,1,4,,1,7
rinku narwal,Defender,Bengal Warriors,19,51,,,49,51,,2.68,,,2,,3,7
jang kun lee,Raider,Patna Pirates,13,50,37,49,1,1,3.77,0.08,14,,,,,7
surinder singh,Defender,U Mumba,18,49,1,4,43,45,0.8,2.5,,1,2,,2,7
vijay,All Rounder,Dabang Delhi,18,49,29,38,11,11,2.24,0.61,2,2,,1,,7
jaideep,Defender,Patna Pirates,19,48,,,45,48,,2.53,,,3,,3,7
parvesh bhainswal,Defender,Gujarat Fortune Giants,20,48,,,46,48,,2.4,,,2,,4,7
saurabh nandal,Defender,Bengaluru Bulls,18,48,1,1,42,47,,2.61,,,5,,5,7
sunil kumar,Defender,Gujarat Fortune Giants,18,47,1,1,40,46,0.14,2.56,1,,6,,4,7
rishank devadiga,Raider,UP Yoddha,14,47,35,46,1,1,3.29,0.07,6,2,,,,7
monu goyat,Raider,UP Yoddha,10,46,38,43,2,3,4.3,0.3,5,,1,1,,7
rohit baliyan,Raider,U Mumba,15,46,29,42,3,4,2.8,0.27,7,2,1,,,7
mahender singh,Defender,Bengaluru Bulls,16,46,,,39,46,0,2.88,,,7,,3,7
sunil,Defender,Haryana Steelers,17,46,,,45,46,,2.71,,,1,,3,7
rajnish,Raider,Telugu Titans,10,45,31,43,2,2,4.3,0.2,10,1,,2,,7
athul ms,Raider,U Mumba,14,45,32,45,,,3.21,,10,,,,,7
suraj desai,Raider,Telugu Titans,12,45,35,44,1,1,4,0.08,3,1,,1,,7
joginder singh narwal,Defender,Dabang Delhi,19,45,,,41,45,,2.37,,,4,,1,7
dharmaraj cheralathan,Defender,Haryana Steelers,17,44,1,3,37,41,0.33,2.41,,,4,,1,7
hadi oshtorak,All Rounder,Patna Pirates,19,43,4,8,29,35,0.62,1.84,,,6,,1,7
amit sheoran,Defender,Bengaluru Bulls,19,43,,,40,43,,2.26,,,3,,3,7
vishal,All Rounder,Jaipur Pink Panthers,14,41,,,34,41,,2.93,,,7,,1,7
manjeet chhillar,All Rounder,Tamil Thalaivas,15,41,,4,35,37,0.36,2.47,,,2,,2,7
ravi kumar,Defender,Haryana Steelers,17,40,,,35,40,0,2.35,,,5,,3,7
abozar mohajermighani,Defender,Telugu Titans,18,40,,1,36,39,0.2,2.17,,,3,,1,7
sumit singh,Raider,Bengaluru Bulls,15,39,27,36,2,3,2.4,0.2,8,,1,,,7
vikas kale,Defender,Haryana Steelers,18,38,,,36,38,,2.11,,,2,,2,7
mohammad esmaeil maghsoudlou mahalli,Raider,Patna Pirates,17,38,25,31,5,7,1.94,0.41,7,,2,,,7
amit kumar,Raider,Puneri Paltan,13,37,12,17,19,20,1.42,1.54,8,,1,,,7
ran singh,All Rounder,Tamil Thalaivas,18,37,5,9,27,28,0.9,1.56,1,,1,,,7
amit hooda,Defender,Jaipur Pink Panthers,14,37,,1,33,36,,2.57,,,3,,2,7
mohit chhillar,Defender,Tamil Thalaivas,18,37,,,34,37,,2.06,,,3,,1,7
monu,Raider,Patna Pirates,19,36,9,11,18,25,0.79,1.32,2,,7,,,7
jadhav balasaheb shahaji,Defender,Puneri Paltan,18,35,,,28,35,,1.94,,,7,,3,7
sukesh hegde,Raider,Bengal Warriors,12,34,22,33,1,1,2.75,,10,2,,,,7
girish maruti ernak,Defender,Puneri Paltan,15,32,,1,28,31,,2.07,,,3,,1,7
ashu singh,Defender,UP Yoddha,18,32,,,30,32,,1.78,,,2,,,7
jeeva kumar,Defender,Bengal Warriors,18,31,,,30,31,,1.72,,,1,,,7
meraj sheykh,All Rounder,Dabang Delhi,12,31,22,30,1,1,2.5,,4,1,,1,,7
rakesh gowda,Raider,Telugu Titans,9,31,20,22,6,9,2.44,1,2,,3,,,7
shabeer bappu,Raider,Tamil Thalaivas,14,29,17,22,6,7,1.57,0.5,5,,1,,,7
vikas jaglan,All Rounder,Patna Pirates,19,28,7,12,16,16,0.75,0.84,6,,,,,7
anil kumar,Defender,Dabang Delhi,15,27,,,26,27,,1.8,,,1,,,7
pawan kumar kadian,Raider,Puneri Paltan,6,25,19,25,,,4.17,,5,,,1,,7
amit,Defender,UP Yoddha,18,25,1,2,21,23,0.33,1.28,,,2,,,7
vishal mane,Defender,Dabang Delhi,19,24,,,24,24,,1.26,,,,,,7
c. arun,Defender,Telugu Titans,18,23,1,2,18,21,,1.17,,,3,,1,7
pankaj,All Rounder,Gujarat Fortune Giants,9,21,,,21,21,,2.33,,,,,1,7
banty,Raider,Bengaluru Bulls,11,21,13,18,3,3,1.8,0.27,6,,,,,7
sushil gulia,Raider,Jaipur Pink Panthers,7,20,12,19,1,1,2.71,,8,2,,,,7
ajinkya ashok pawar,Raider,Jaipur Pink Panthers,14,19,16,19,,,1.46,,8,,,,,7
shubham shinde,Defender,Puneri Paltan,13,18,1,1,15,17,0.17,1.31,,,2,,,7
amit kumar,All Rounder,Puneri Paltan,6,18,9,16,1,2,2.67,,4,,1,,,7
mohit sehrawat,Defender,Bengaluru Bulls,13,17,4,5,10,12,0.42,0.92,3,,2,,1,7
harendra kumar,Defender,U Mumba,16,17,,,16,17,,1.06,,,1,,1,7
hadi tajik,Defender,Puneri Paltan,12,17,1,1,15,16,0.33,1.33,,,1,,,7
vineet sharma,Raider,Tamil Thalaivas,11,16,3,9,6,7,1.13,0.64,2,,1,,,7
ruturaj shivaji koravi,Defender,Gujarat Fortune Giants,15,15,,,15,15,,1,,,,,,7
sumit malik,Defender,Gujarat Fortune Giants,14,15,,,14,15,,1.07,,,1,,,7
ajeet,Defender,Tamil Thalaivas,14,14,,,13,14,,1,,,1,,,7
santhapanaselvam,All Rounder,Jaipur Pink Panthers,8,14,,,13,14,,1.75,,,1,,,7
sagar b krishna,All Rounder,Puneri Paltan,12,14,,,11,14,,1.17,,,3,,1,7
selvamani k,Raider,Haryana Steelers,7,13,7,11,2,2,1.83,,1,1,,,,7
amit kumar,Raider,Telugu Titans,9,13,2,3,8,10,0.33,1.11,2,,2,,,7
ankit,Defender,Gujarat Fortune Giants,12,13,,,11,13,,1.08,,,2,,,7
sushant sail,Raider,Puneri Paltan,9,12,8,12,,,1.33,,1,,,,,7
sachin narwal,All Rounder,Jaipur Pink Panthers,12,12,7,11,1,1,1,0.08,3,1,,,,7
pavan t. r.,Defender,Jaipur Pink Panthers,15,12,,,10,12,,0.8,,,2,,,7
surender singh,Raider,UP Yoddha,4,11,5,10,1,1,2.5,,5,,,,,7
dong geon lee,Raider,U Mumba,4,10,7,10,,,2.5,,4,,,,,7
vinod kumar,All Rounder,Gujarat Fortune Giants,9,10,6,6,4,4,0.75,0.44,,,,,,7
sagar,Defender,Tamil Thalaivas,10,10,,,9,10,,1,,,1,,,7
sunil siddhgavali,Defender,Jaipur Pink Panthers,14,9,,,6,9,,0.64,,,3,,,7
armaan,All Rounder,Telugu Titans,6,9,6,9,,,1.5,0,2,1,,,,7
victor onyango obiero,All Rounder,Tamil Thalaivas,3,8,4,6,1,2,2,,,,1,,,7
emad sedaghatnia,Raider,Puneri Paltan,2,8,5,8,,,4,,,,,,,7
ankit beniwal,Raider,Telugu Titans,6,8,5,7,1,1,1.17,,,,,,,7
kuldeep singh,Defender,Haryana Steelers,9,8,,,8,8,,0.89,,,,,,7
mohsen maghsoudloujafari,All Rounder,UP Yoddha,11,8,4,5,2,3,0.63,0.27,3,,1,,,7
saeid ghaffari,Defender,Dabang Delhi,9,8,,,8,8,,0.89,,,,,,7
darshan kadian,Raider,Puneri Paltan,7,8,4,7,1,1,1,0.14,1,,,,,7
m. abishek,Defender,Tamil Thalaivas,6,8,,,8,8,,1.33,,,,,,7
ankush,Raider,UP Yoddha,3,7,4,6,1,1,2,,2,,,,,7
chand singh,Defender,Haryana Steelers,9,7,1,1,5,6,,0.67,,,1,,,7
sanket sawant,Defender,Puneri Paltan,5,7,,,7,7,,1.4,,,,,,7
viraj vishnu landge,Defender,Bengal Warriors,8,7,,,7,7,,0.88,,,,,,7
young chang ko,Defender,U Mumba,10,6,,,4,6,,0.6,,,2,,,7
anand,Raider,Tamil Thalaivas,5,6,3,6,,,1.2,,3,1,,,,7
azad singh,Raider,UP Yoddha,4,6,3,6,,,1.5,,,,,,,7
ankit,Defender,Bengaluru Bulls,7,6,,,5,6,0,0.86,,,1,,,7
krushna madane,Defender,Telugu Titans,9,6,,,6,6,0,0.67,,,,,,7
ashish kumar,All Rounder,Bengaluru Bulls,7,6,,1,3,5,0.17,0.71,,,2,,,7
abolfazl maghsodloumahali,Raider,Gujarat Fortune Giants,6,5,3,5,,,1,,1,,,,,7
jawahar dagar,Defender,Patna Pirates,7,5,,,5,5,,0.71,,,,,,7
lalit chaudhary,Raider,Gujarat Fortune Giants,4,5,1,2,2,3,0.5,,,,1,,,7
vijay kumar,Defender,Bengaluru Bulls,9,5,,,4,5,,0.56,,,1,,,7
harmanjit singh,Raider,Gujarat Fortune Giants,4,5,5,5,,,1.25,,,,,,,7
amit kumar,All Rounder,Patna Pirates,3,5,3,5,,,1.67,,,1,,,,7
ashish,Raider,Patna Pirates,7,5,3,5,,,0.71,,1,,,,,7
elavarasan a,Defender,Jaipur Pink Panthers,3,4,,,3,4,,1.33,,,1,,,7
mayur shivtarkar,All Rounder,Bengal Warriors,6,4,,,4,4,,0.67,,,,,,7
ajay,Defender,Bengaluru Bulls,9,4,1,2,2,2,,0.22,,,,,,7
aman kadian,Raider,Dabang Delhi,3,4,2,3,1,1,1,,,,,,,7
parveen,Defender,Haryana Steelers,6,4,,,3,4,,0.67,,,1,,,7
purna singh,Raider,Patna Pirates,6,4,3,4,,,0.8,,1,,,,,7
sachin kumar,All Rounder,UP Yoddha,12,4,,,3,4,0,0.33,,,1,,,7
gurvinder singh,Raider,Gujarat Fortune Giants,2,4,3,4,,,2,,,,,,,7
rakesh narwal,Raider,Bengal Warriors,1,3,1,3,,,,,,,,,,7
ponparthiban subramanian,Defender,Tamil Thalaivas,6,3,,,3,3,,0.5,,,,,,7
adarsh t,Defender,Bengal Warriors,9,3,,,3,3,,0.33,,,,,,7
himanshu,Defender,Tamil Thalaivas,3,3,1,2,1,1,,,,,,,,7
amit kharb,Defender,Gujarat Fortune Giants,5,3,,,2,3,,0.6,,,1,,,7
ravinder,All Rounder,Patna Pirates,5,3,,,2,3,,0.6,,,1,,,7
balram,All Rounder,Dabang Delhi,2,2,1,2,,,,,2,,,,,7
palle mallikarjun,Raider,Telugu Titans,3,2,2,2,,,0.67,,,,,,,7
gurdeep,All Rounder,UP Yoddha,2,2,,,2,2,,,,,,,,7
sandeep,All Rounder,Puneri Paltan,1,2,,,2,2,,2,,,,,,7
arun kumar hn,Raider,Haryana Steelers,2,2,1,2,,,,,,,,,,7
kamal singh,Raider,Telugu Titans,3,2,,,2,2,0,0.67,,,,,,7
yashwant bishnoi,Raider,Tamil Thalaivas,3,2,2,2,,,0.67,,,,,,,7
rajaguru subramanian,Defender,U Mumba,5,2,,,2,2,,0.4,,,,,,7
ravindra ramesh kumawat,Raider,Bengal Warriors,2,2,1,1,1,1,0.5,,,,,,,7
sombir,Defender,Dabang Delhi,8,1,,,1,1,,,,,,,,7
mohammad taghi paein mahali,Raider,Bengal Warriors,3,1,,,1,1,,,,,,,,7
satywan,Defender,Dabang Delhi,1,1,,,1,1,,,,,,,,7
ajinkya rohidas kapre,All Rounder,U Mumba,2,1,1,1,,,,,,,,,,7
naveen narwal,Defender,Bengal Warriors,3,1,,,1,1,,0.33,,,,,,7
sumit,Defender,Dabang Delhi,2,1,,,1,1,,,,,,,,7
vikas chhillar,Raider,Haryana Steelers,1,1,1,1,,,,,,,,,,7
aman,Defender,Bengaluru Bulls,2,1,,,1,1,,,,,,,,7
r. sriram,Raider,Puneri Paltan,1,,,,,,0,,,,,,,7
narender,All Rounder,UP Yoddha,3,,,,,,,0,,,,,,7
pawan kumar sehrawat,Raider,Bengaluru Bulls,24,282,209,271,11,11,11.29,0.46,29,12,,13,,6
pardeep narwal,Raider,Patna Pirates,21,233,185,233,,,11.1,,17,6,,15,,6
siddharth sirish desai,Raider,U Mumba,21,221,169,218,3,3,10.38,0.14,41,10,,12,,6
deepak niwas hooda,All Rounder,Jaipur Pink Panthers,22,208,162,196,11,12,8.91,0.55,23,4,1,10,1,6
maninder singh,Raider,Bengal Warriors,22,206,158,206,,,9.36,,34,6,,9,,6
ajay thakur,Raider,Tamil Thalaivas,22,204,177,203,1,1,9.23,0.05,33,3,,7,,6
sachin tanwar,Raider,Gujarat Fortune Giants,23,204,159,190,12,14,8.26,0.61,28,1,2,7,,6
vikash kandola,Raider,Haryana Steelers,22,177,136,172,5,5,7.82,0.23,20,5,,6,,6
naveen kumar,Raider,Dabang Delhi,22,177,144,172,4,5,7.82,0.23,26,3,1,8,,6
rohit kumar,Raider,Bengaluru Bulls,24,171,129,162,9,9,6.75,0.38,24,5,,5,1,6
rahul chaudhari,Raider,Telugu Titans,21,166,136,159,6,7,7.57,0.33,43,4,1,4,,6
monu goyat,Raider,Haryana Steelers,20,164,128,160,4,4,8,0.2,5,3,,10,,6
chandran ranjit,Raider,Dabang Delhi,24,158,127,153,4,5,6.38,0.21,16,3,1,3,,6
prashanth kumar rai,Raider,UP Yoddha,21,147,112,144,2,3,7.2,0.14,23,2,1,5,,6
shrikant jadhav,Raider,UP Yoddha,25,146,108,141,4,5,5.64,0.2,43,4,1,5,,6
k. prapanjan,Raider,Gujarat Fortune Giants,22,123,95,122,1,1,5.55,0.05,23,1,,4,,6
rohit baliyan,Raider,U Mumba,19,108,82,94,13,14,5.22,0.74,6,1,1,,,6
rishank devadiga,Raider,UP Yoddha,23,104,82,100,4,4,4.35,0.17,8,3,,1,,6
nitin tomar,Raider,Puneri Paltan,11,102,84,100,2,2,9.09,0.18,13,1,,4,,6
manjeet,Raider,Patna Pirates,22,102,76,87,14,15,3.95,0.68,17,3,1,2,,6
naveen,Raider,Haryana Steelers,21,102,71,88,12,14,4.19,0.67,18,4,2,1,,6
nitesh kumar,Defender,UP Yoddha,25,101,,1,92,100,0.17,4,,,8,,8,6
meraj sheykh,All Rounder,Dabang Delhi,19,97,71,94,3,3,4.95,0.16,25,6,,2,,6
more gb,Raider,Puneri Paltan,22,91,60,79,10,12,3.59,0.55,15,1,2,2,,6
parvesh bhainswal,Defender,Gujarat Fortune Giants,25,86,,,82,86,,3.44,,,4,,5,6
nilesh salunke,Raider,Telugu Titans,19,85,59,81,4,4,4.26,0.21,23,4,,,,6
kashiling adake,Raider,Bengaluru Bulls,20,84,51,67,15,17,3.35,0.85,12,3,2,1,,6
fazel atrachali,Defender,U Mumba,23,83,,,80,83,0,3.61,,,3,,6,6
jang kun lee,Raider,Bengal Warriors,18,82,61,79,2,3,4.39,0.17,7,2,1,2,,6
sunil kumar,Defender,Gujarat Fortune Giants,25,76,,,72,76,0,3.04,,,4,,3,6
ajinkya ashok pawar,Raider,Jaipur Pink Panthers,17,75,57,71,3,4,4.18,0.24,21,1,1,,,6
deepak narwal,Raider,Patna Pirates,17,74,55,70,4,4,4.12,0.24,9,1,,3,,6
vijay,All Rounder,Patna Pirates,21,73,50,60,12,13,3.16,0.62,3,,1,,,6
ran singh,All Rounder,Bengal Warriors,22,71,23,29,41,42,1.71,1.91,6,1,1,,,6
sukesh hegde,Raider,Tamil Thalaivas,17,71,51,68,2,3,4,0.18,14,3,1,,,6
sachin kumar,All Rounder,UP Yoddha,25,68,21,25,39,43,1.32,1.72,4,,4,,2,6
sandeep kumar dhull,Defender,Jaipur Pink Panthers,22,67,,,62,67,,3.05,,,5,,4,6
manjeet chhillar,All Rounder,Tamil Thalaivas,19,67,5,8,54,59,0.5,3.11,,,5,,2,6
sandeep narwal,All Rounder,Puneri Paltan,18,66,16,25,34,41,1.47,2.28,4,1,7,,1,6
mahender singh,Defender,Bengaluru Bulls,24,63,,,62,63,0,2.63,,,1,,6,6
surender singh,Defender,U Mumba,22,62,,,59,62,,2.82,,,3,,2,6
rohit gulia,All Rounder,Gujarat Fortune Giants,19,61,48,58,3,3,3.05,0.16,14,2,,,,6
vishal bhardwaj,Defender,Telugu Titans,17,60,,,51,60,0,3.53,,,9,,5,6
ravinder pahal,Defender,Dabang Delhi,22,59,,,56,59,,2.68,,,3,,4,6
jaideep,Defender,Patna Pirates,22,58,,,56,58,0,2.64,,,2,,4,6
po surjeet singh,Defender,Bengal Warriors,23,57,2,3,52,54,0.15,2.35,,,2,,4,6
monu,Raider,Puneri Paltan,14,57,38,45,10,12,3.21,0.86,14,1,2,,,6
girish maruti ernak,Defender,Puneri Paltan,20,57,,1,52,56,0.25,2.8,,,4,,4,6
mohsen maghsoudloujafari,All Rounder,Telugu Titans,19,56,25,29,25,27,1.53,1.42,4,,2,,,6
abozar mohajermighani,Defender,Telugu Titans,21,56,,,48,56,0,2.67,,,8,,4,6
athul ms,Raider,Tamil Thalaivas,19,56,46,55,1,1,3.06,0.05,6,,,,,6
abhishek singh,Raider,U Mumba,15,53,38,47,6,6,3.13,0.4,18,1,,2,,6
vinod kumar,All Rounder,U Mumba,17,51,15,22,25,29,1.29,1.71,5,,4,,2,6
amit hooda,Defender,Tamil Thalaivas,18,51,,2,45,49,,2.72,,,4,,4,6
joginder singh narwal,Defender,Dabang Delhi,22,51,,,47,51,,2.32,,,4,,1,6
anup kumar,Raider,Jaipur Pink Panthers,13,50,30,38,12,12,2.92,0.92,1,2,,,,6
darshan kadian,Raider,U Mumba,14,50,38,49,1,1,3.5,,14,1,,1,,6
kuldeep singh,Defender,Haryana Steelers,22,49,,,45,49,,2.23,,,4,,2,6
farhad rahimi milaghardan,All Rounder,Telugu Titans,22,47,17,22,21,25,1.29,1.14,3,,4,,1,6
ruturaj shivaji koravi,Defender,Gujarat Fortune Giants,23,47,,,44,47,,2.04,,,3,,1,6
mahesh goud,Raider,Bengal Warriors,10,46,26,38,8,8,3.8,0.8,11,3,,,,6
jasvir singh,Raider,Tamil Thalaivas,16,46,32,42,4,4,2.8,0.25,2,,,,,6
pawan kumar kadian,Raider,Dabang Delhi,13,45,32,45,,,3.46,,4,1,,,,6
ashish kumar,All Rounder,Bengaluru Bulls,24,45,3,5,37,40,0.29,1.67,,,3,,1,6
ravindra ramesh kumawat,Raider,Bengal Warriors,12,42,29,37,5,5,3.08,0.42,14,2,,,,6
narender,All Rounder,UP Yoddha,25,42,,,37,42,,1.68,,,5,,2,6
akshay jadhav,Raider,Puneri Paltan,18,41,25,28,12,13,1.56,0.72,5,1,1,,1,6
selvamani k,Raider,Jaipur Pink Panthers,15,41,27,38,3,3,2.71,0.2,9,3,,1,,6
sunil,Defender,Haryana Steelers,22,41,,,41,41,,1.86,,,,,2,6
ravi kumar,Defender,Puneri Paltan,22,40,,,33,40,,1.82,,,7,,2,6
jeeva kumar,Defender,UP Yoddha,19,40,,,36,40,,2.11,,,4,,1,6
dharmaraj cheralathan,Defender,U Mumba,22,40,,,37,40,0,1.82,,,3,,1,6
vikas kale,Defender,Patna Pirates,22,39,,,36,39,,1.77,,,3,,1,6
vishal mane,Defender,Dabang Delhi,22,38,,,36,38,,1.73,,,2,,3,6
rohit rana,Defender,U Mumba,19,38,,,37,38,,2,,,1,,2,6
sunil siddhgavali,Defender,Jaipur Pink Panthers,16,38,4,5,30,33,0.71,2.06,2,,3,,4,6
amit sheoran,Defender,Bengaluru Bulls,15,38,,,36,38,,2.53,,,2,,2,6
vikas jaglan,All Rounder,Patna Pirates,14,37,13,21,16,16,2.1,1.14,2,1,,,,6
deepak kumar dahiya,Raider,Puneri Paltan,11,34,26,31,2,3,2.82,0.27,3,1,1,1,,6
ajay kumar,Raider,Gujarat Fortune Giants,13,33,23,32,1,1,2.67,,4,1,,,,6
amit kumar,Raider,Jaipur Pink Panthers,17,33,10,12,20,21,1.09,1.24,5,1,1,,1,6
nitin rawal,All Rounder,Jaipur Pink Panthers,9,31,19,25,5,6,3.57,0.67,6,1,1,,,6
dong geon lee,Raider,Gujarat Fortune Giants,11,31,22,31,,,2.82,,,1,,1,,6
mohit chhillar,Defender,Jaipur Pink Panthers,14,31,,,28,31,,2.21,,,3,,,6
mahendra ganesh rajput,Raider,Gujarat Fortune Giants,13,30,18,28,2,2,2.15,0.15,,3,,,,6
anil kumar,Defender,Telugu Titans,18,30,,1,25,29,0.17,1.61,,,4,,,6
baldev singh,Defender,Bengal Warriors,18,28,,1,24,27,,1.5,,,3,,1,6
sachin vittala,Defender,Gujarat Fortune Giants,22,28,2,3,24,25,,1.14,,,1,,,6
parveen,Defender,Haryana Steelers,19,28,1,3,20,25,0.5,1.32,,,5,,1,6
sachin shingade,Defender,Haryana Steelers,19,25,,,23,25,,1.32,,,2,,,6
abolfazl maghsodloumahali,Raider,U Mumba,10,25,19,23,2,2,2.3,0.2,5,2,,,,6
mayur shivtarkar,All Rounder,Haryana Steelers,18,23,1,4,19,19,0.33,1.06,,,,,,6
jawahar dagar,Defender,Patna Pirates,15,23,1,3,17,20,,1.33,,,3,,2,6
azad singh,Raider,UP Yoddha,9,23,14,21,2,2,2.33,,6,1,,,,6
d. pradap,All Rounder,Tamil Thalaivas,13,22,5,9,12,13,1.13,1,4,,1,,,6
rinku narwal,Defender,Puneri Paltan,15,21,1,1,19,20,0.25,1.33,1,,1,,,6
amit nagar,Raider,Bengal Warriors,9,21,13,15,6,6,1.88,0.67,4,,,,,6
harish naik,Raider,Bengaluru Bulls,7,21,14,21,,,3,,,,,,,6
tushar patil,Raider,Patna Pirates,9,20,13,20,,,2.22,,4,,,,,6
rajesh narwal,All Rounder,Dabang Delhi,16,20,5,7,13,13,0.64,0.81,,,,,,6
raju lal choudhary,Defender,Bengaluru Bulls,16,20,,,20,20,,1.25,,,,,,6
hadi oshtorak,All Rounder,Gujarat Fortune Giants,13,18,4,6,12,12,1.2,0.92,3,,,,,6
sagar b krishna,All Rounder,UP Yoddha,20,18,,,17,18,0,0.9,,,1,,1,6
ponparthiban subramanian,Defender,Tamil Thalaivas,12,17,,,16,17,,1.42,,,1,,1,6
sandeep,Defender,Bengaluru Bulls,10,16,,,13,16,,1.6,,,3,,,6
cpo surjeet singh,Raider,Tamil Thalaivas,9,16,10,16,,,1.78,,4,1,,,,6
young chang ko,Defender,Jaipur Pink Panthers,13,15,,,11,15,,1.15,,,4,,1,6
sumit singh,Raider,Bengaluru Bulls,8,15,7,11,4,4,1.57,0.5,3,,,,,6
satpal,Defender,Dabang Delhi,12,15,,1,10,14,,1.17,,,4,,,6
manish,Defender,Patna Pirates,17,15,,,13,15,,0.88,,,2,,,6
kamal singh,Raider,Telugu Titans,8,15,7,13,1,2,2.17,0.25,3,,1,,,6
armaan,All Rounder,Telugu Titans,4,15,9,13,1,2,3.25,,4,1,1,1,,6
c manoj kumar,Defender,Telugu Titans,12,14,7,10,4,4,1.11,0.33,1,,,,,6
adarsh t,Defender,Bengal Warriors,10,14,1,2,9,12,,1.2,,,3,,,6
santhapanaselvam,All Rounder,Jaipur Pink Panthers,14,14,,,12,14,,1,,,2,,,6
rakshith,Raider,Telugu Titans,11,14,12,14,,,1.27,,3,,,,,6
rajesh mondal,Raider,Puneri Paltan,11,14,13,14,,,1.27,,7,,,,,6
shrikant tewthia,All Rounder,Bengal Warriors,8,13,2,3,10,10,0.75,1.25,,,,,,6
bhupender singh,All Rounder,Bengal Warriors,4,13,6,10,2,3,2.5,,6,1,1,,,6
sunil,Defender,Tamil Thalaivas,11,13,,,12,13,,1.18,,,1,,,6
anand patil,Raider,Jaipur Pink Panthers,7,13,9,13,,,1.86,,5,1,,,,6
ziaur rahman,Defender,Bengal Warriors,18,12,,,12,12,,0.67,,,,,,6
parvesh,Raider,Puneri Paltan,6,12,5,7,4,5,1.17,0.83,1,,1,,,6
krushna madane,Defender,Telugu Titans,6,12,1,1,11,11,,1.83,,,,,,6
shubham shinde,Defender,Puneri Paltan,10,12,,,9,12,0,1.2,,,3,,,6
kuldeep singh,All Rounder,Patna Pirates,7,10,,,8,10,,1.43,,,2,,,6
rakesh narwal,Raider,Bengal Warriors,6,10,5,9,1,1,1.5,,,1,,,,6
vijin thangadurai,Defender,Bengal Warriors,16,10,,,8,10,,0.63,,,2,,,6
rajaguru subramanian,Defender,U Mumba,8,10,,,10,10,,1.25,,,,,,6
sandeep,All Rounder,Puneri Paltan,5,10,4,7,2,3,3.5,0.6,2,,1,,,6
vishal,All Rounder,Dabang Delhi,6,10,1,1,7,9,0.25,1.5,1,,2,,,6
anand surendra tomar,Raider,Haryana Steelers,5,9,7,8,1,1,1.6,,2,,,,,6
ajit singh,Raider,Jaipur Pink Panthers,6,9,7,9,,,1.5,,2,,,,,6
ravinder kumar,All Rounder,Patna Pirates,8,9,,,8,9,,1.13,,,1,,,6
bhanu pratap tomar,Raider,UP Yoddha,6,9,6,9,,,1.5,,1,,,,,6
rajnish,Raider,Telugu Titans,4,9,8,9,,,2.25,,1,,,,,6
amit kumar,Raider,Puneri Paltan,6,8,4,8,,,1.6,,6,1,,,,6
anand,Raider,Tamil Thalaivas,3,8,7,8,,,2.67,,3,,,,,6
anil kumar,Raider,Tamil Thalaivas,4,8,,,8,8,,2,,,,,1,6
c. arun,Defender,Tamil Thalaivas,16,8,,,8,8,,0.5,,,,,,6
yogesh hooda,Raider,Dabang Delhi,6,8,1,3,5,5,0.6,0.83,1,,,,,6
shabeer bappu,Raider,Dabang Delhi,6,7,6,7,,,1.17,0,,,,,,6
d. gopu,Defender,Tamil Thalaivas,5,7,,,5,7,,1.4,,,2,,,6
anil kumar,Defender,Dabang Delhi,5,7,,,6,7,,1.4,,,1,,,6
lalit chaudhary,Raider,Gujarat Fortune Giants,3,7,1,3,3,4,1,,,,1,,,6
mahesh maruti magdum,All Rounder,Bengaluru Bulls,4,7,5,7,,,2.33,,2,,,,,6
victor onyango obiero,All Rounder,Tamil Thalaivas,3,6,4,6,,,2,,,,,,,6
anuj kumar,Defender,Telugu Titans,7,6,1,1,4,5,,0.71,,,1,,,6
bhuvneshwar gaur,Raider,Haryana Steelers,6,6,3,6,,,1,,,,,,,6
viraj vishnu landge,Defender,Dabang Delhi,7,6,,,6,6,,0.86,,,,,,6
amit,Defender,UP Yoddha,14,6,,,5,6,,0.43,,,1,,,6
darshan j.,Defender,Tamil Thalaivas,9,6,,,6,6,,0.67,,,,,,6
prateek,All Rounder,Haryana Steelers,6,5,1,3,2,2,0.6,,,,,,,6
dharmender,Raider,Gujarat Fortune Giants,4,5,2,5,,,1.67,,,1,,,,6
sudhanshu tyagi,Defender,Haryana Steelers,13,4,,,4,4,,0.31,,,,,,6
ajay,Defender,Bengaluru Bulls,7,4,,,4,4,,0.57,,,,,,6
arjun deshwal,Raider,U Mumba,3,4,3,4,,,1.33,,,,,,,6
lokesh kaushik,Raider,Jaipur Pink Panthers,6,4,2,2,2,2,0.4,,,,,,,6
gangadhari mallesh,Raider,Jaipur Pink Panthers,6,4,1,2,1,2,0.4,0.33,1,,1,,,6
jasmer singh gulia,All Rounder,Bengaluru Bulls,6,4,,,4,4,,0.67,,,,,,6
manoj dhull,Defender,Bengal Warriors,8,4,,,3,4,,0.5,,,1,,,6
david shilisia j mosambayi,Raider,Jaipur Pink Panthers,4,4,1,4,,,1,,,,,,,6
amit kumar,Raider,Bengal Warriors,2,4,1,1,3,3,0.5,1.5,1,,,,,6
rohit kumar choudary,Raider,UP Yoddha,6,3,2,3,,,0.5,,,,,,,6
anand v,Raider,Bengaluru Bulls,3,3,3,3,,,1,,3,,,,,6
vijay kumar,Defender,Patna Pirates,4,3,1,2,1,1,,0.25,2,,,,,6
md. masud karim,Raider,UP Yoddha,3,3,2,3,,,,,1,,,,,6
mithin kumar,Raider,Bengal Warriors,3,3,2,3,,,1,,2,,,,,6
ankit,Defender,Bengaluru Bulls,6,3,,,3,3,,0.5,,,,,,6
vimal raj v,All Rounder,Tamil Thalaivas,5,2,2,2,,,0.5,,1,,,,,6
gaurav kumar,Raider,U Mumba,3,2,2,2,,,0.67,,,,,,,6
amit kharb,Defender,Gujarat Fortune Giants,6,2,,,1,2,,0.33,,,1,,,6
vishav chaudhary,Defender,UP Yoddha,2,2,1,2,,,1,,,,,,,6
n. shiva ramakrishna,All Rounder,Jaipur Pink Panthers,1,2,,,1,2,,,,,1,,,6
shubham ashok palkar,Raider,Gujarat Fortune Giants,4,2,2,2,,,0.5,,2,,,,,6
wazir singh,Raider,Haryana Steelers,2,2,2,2,,,2,,,,,,,6
tae deok eom,All Rounder,Patna Pirates,11,1,,,1,1,,0.09,,,,,,6
nithesh b r,Defender,Bengaluru Bulls,2,1,,,1,1,,,,,,,,6
bajirao hodage,Defender,Jaipur Pink Panthers,6,1,,,1,1,,0.17,,,,,,6
sombir,Defender,Telugu Titans,4,1,,,1,1,,0.25,,,,,,6
e subash,All Rounder,U Mumba,2,1,,,1,1,,,,,,,,6
tapas pal,All Rounder,Dabang Delhi,2,1,,,1,1,,,,,,,,6
pankaj,All Rounder,UP Yoddha,1,1,,,1,1,,,,,,,,6
arun kumar hn,Raider,Haryana Steelers,2,1,1,1,,,,,,,,,,6
vikram kandola,Defender,Gujarat Fortune Giants,1,1,,,1,1,,1,,,,,,6
aashish nagar,Defender,UP Yoddha,3,1,,,1,1,,,,,,,,6
c kalai arasan,Defender,Gujarat Fortune Giants,2,,,,,,,0,,,,,,6
vinod kumar,Defender,Puneri Paltan,2,,,,,,,0,,,,,,6
hadi tajik,Defender,U Mumba,5,,,,,,,0,,,,,,6
pardeep narwal,Raider,Patna Pirates,26,369,271,369,,,14.19,0,29,18,,19,,5
rohit kumar,Raider,Bengaluru Bulls,22,231,192,219,11,12,9.95,0.55,36,1,1,12,,5
ajay thakur,Raider,Tamil Thalaivas,22,222,182,213,9,9,9.68,0.41,30,3,,12,,5
monu goyat,Raider,Patna Pirates,26,202,159,191,10,11,7.35,0.42,45,4,1,9,,5
rahul chaudhari,Raider,Telugu Titans,22,193,159,184,9,9,8.36,0.41,28,5,,8,,5
maninder singh,Raider,Bengal Warriors,21,192,154,190,2,2,9.05,0.1,22,6,,9,,5
deepak niwas hooda,All Rounder,Puneri Paltan,24,186,127,172,13,14,7.17,0.58,47,8,1,7,,5
nitin tomar,Raider,UP Yoddha,20,177,135,167,9,10,8.35,0.5,23,7,1,7,,5
sachin,Raider,Gujarat Fortune Giants,24,173,132,159,13,14,6.63,0.58,37,2,1,7,,5
rishank devadiga,Raider,UP Yoddha,21,170,126,165,4,5,7.86,0.24,32,12,1,5,,5
anup kumar,Raider,U Mumba,21,135,84,112,19,23,5.33,1.1,5,2,4,2,,5
k. prapanjan,Raider,Tamil Thalaivas,22,124,104,123,1,1,5.59,0.05,34,2,,3,,5
pawan kumar kadian,Raider,Jaipur Pink Panthers,21,122,95,122,,,5.81,0,27,2,,3,,5
kashiling adake,Raider,U Mumba,20,122,81,114,7,8,5.7,0.4,27,4,1,3,,5
wazir singh,Raider,Haryana Steelers,21,120,86,107,11,13,5.1,0.62,27,3,2,3,,5
nilesh salunke,Raider,Telugu Titans,21,105,78,98,5,7,4.67,0.33,22,2,2,3,,5
meraj sheykh,All Rounder,Dabang Delhi,20,104,76,96,8,8,4.8,0.4,31,3,,2,,5
shrikant jadhav,Raider,U Mumba,19,98,70,86,10,12,4.78,0.63,22,2,2,2,,5
abolfazl maghsodloumahali,Raider,Dabang Delhi,19,97,77,91,5,6,4.79,0.32,26,,1,,,5
rajesh mondal,Raider,Puneri Paltan,24,91,75,90,1,1,3.75,0.04,40,1,,1,,5
jang kun lee,Raider,Bengal Warriors,21,89,80,89,,,4.24,0,8,,,,,5
ajay kumar,Raider,Bengaluru Bulls,22,89,70,89,,,4.05,,39,2,,2,,5
deepak narwal,Raider,Bengal Warriors,16,87,71,85,2,2,5.31,0.13,25,1,,4,,5
sandeep narwal,All Rounder,Puneri Paltan,21,85,29,33,49,52,1.65,2.48,2,1,3,,1,5
nitin rawal,Defender,Jaipur Pink Panthers,21,85,49,65,19,20,3.1,0.95,21,4,1,2,,5
surender nada,Defender,Haryana Steelers,21,83,2,3,74,80,0.25,3.81,,,6,,9,5
prashanth kumar rai,Raider,Haryana Steelers,16,80,62,78,1,2,4.88,0.13,13,3,1,3,,5
po surjeet singh,Defender,Bengal Warriors,24,79,3,3,72,76,0.16,3.17,,,4,,9,5
deepak kumar dahiya,Raider,Haryana Steelers,16,78,61,76,2,2,4.75,0.13,38,3,,1,,5
sukesh hegde,Raider,Gujarat Fortune Giants,18,77,58,75,2,2,4.17,0.11,17,2,,1,,5
rohit baliyan,Raider,Dabang Delhi,17,74,55,65,9,9,3.82,0.53,8,1,,1,,5
vishal bhardwaj,All Rounder,Telugu Titans,22,71,,,68,71,,3.23,,,3,,5,5
jaideep,Defender,Patna Pirates,26,71,,,66,71,,2.73,,,5,,5,5
surender singh,Raider,UP Yoddha,18,70,47,68,2,2,4,0.11,19,2,,2,,5
girish maruti ernak,Defender,Puneri Paltan,21,69,1,5,61,64,0.45,3.05,1,1,3,,5,5
tushar patil,Raider,Jaipur Pink Panthers,17,67,49,64,3,3,3.76,0.18,13,3,,,,5
jasvir singh,Raider,Jaipur Pink Panthers,15,66,49,61,3,5,4.07,0.33,14,3,2,2,,5
abozar mohajermighani,Defender,Gujarat Fortune Giants,24,66,,1,63,65,0.17,2.71,,,2,,2,5
ran singh,All Rounder,Bengal Warriors,23,64,10,12,49,52,1.09,2.26,,,3,,2,5
vijay,Raider,Patna Pirates,19,64,18,27,34,37,1.59,1.95,6,1,3,,1,5
cpo surjeet singh,Raider,Haryana Steelers,17,63,47,59,4,4,3.47,0.24,4,1,,1,,5
mahendra ganesh rajput,Raider,Gujarat Fortune Giants,17,62,43,57,5,5,3.35,0.29,15,3,,,,5
amit hooda,Defender,Tamil Thalaivas,22,61,,,55,61,0,2.77,,,6,,2,5
vikash khandola,Raider,Haryana Steelers,9,58,44,58,,,6.44,,16,1,,,,5
sunil kumar,Defender,Gujarat Fortune Giants,24,58,1,1,55,57,0.08,2.38,,,2,,3,5
surender singh,Defender,U Mumba,22,58,,,58,58,,2.64,,,,,3,5
mahender singh,Defender,Bengaluru Bulls,22,58,1,1,52,57,,2.59,,,5,,3,5
fazel atrachali,Defender,Gujarat Fortune Giants,24,57,,,54,57,0,2.38,,,3,,4,5
ravinder pahal,Defender,Bengaluru Bulls,19,54,1,2,49,52,0.4,2.74,,,3,,3,5
manjeet chhillar,All Rounder,Jaipur Pink Panthers,15,52,4,5,46,47,0.5,3.13,,,1,,3,5
chandran ranjit,Raider,Gujarat Fortune Giants,11,51,43,51,,,4.64,,13,3,,1,,5
monu,Raider,Puneri Paltan,19,49,15,19,29,30,1,1.58,6,1,1,,1,5
vinod kumar,Raider,Patna Pirates,21,48,20,34,9,14,1.62,0.67,13,2,5,,,5
parvesh bhainswal,Defender,Gujarat Fortune Giants,24,48,,,44,48,,2,,,4,,2,5
kuldeep singh,All Rounder,U Mumba,20,47,7,16,25,31,1.23,1.55,,1,6,,1,5
mohsen maghsoudloujafari,Raider,Telugu Titans,16,47,26,41,5,6,2.56,0.38,21,2,1,1,,5
nitesh kumar,Defender,UP Yoddha,19,47,,,46,47,,2.47,,,1,,4,5
jeeva kumar,Defender,UP Yoddha,22,44,,,37,44,,2,,,7,,1,5
mohit chhillar,Defender,Haryana Steelers,20,42,1,3,35,39,0.43,1.95,,,4,,2,5
mahesh goud,Raider,UP Yoddha,21,42,30,35,4,7,1.84,0.33,8,,3,,,5
vinod kumar,Raider,Bengal Warriors,19,41,27,33,8,8,1.94,0.42,18,,,,,5
darshan j.,Defender,Tamil Thalaivas,20,41,,1,39,40,,2,,,1,,1,5
darshan kadian,Raider,U Mumba,16,40,24,33,4,7,2.36,0.44,10,1,3,,,5
shrikant tewthia,All Rounder,Bengal Warriors,23,40,2,4,31,36,,1.57,,1,5,,1,5
vishal mane,Defender,Patna Pirates,26,39,,,36,39,,1.5,,,3,,1,5
sombir,Defender,Telugu Titans,17,39,,,33,39,,2.29,,,6,,2,5
rohit gulia,All Rounder,Gujarat Fortune Giants,19,38,33,35,3,3,1.84,0.16,12,,,,,5
shabeer bappu,Raider,U Mumba,12,38,30,35,2,3,2.92,0.25,9,,1,1,,5
c. arun,Defender,Tamil Thalaivas,20,36,,1,30,35,0.13,1.75,,,5,,1,5
r. sriram,Raider,Dabang Delhi,11,36,29,35,1,1,3.18,0.09,16,,,,,5
jawahar dagar,Raider,Patna Pirates,18,35,3,6,26,29,0.6,1.61,1,,3,,,5
vikas kumar,Raider,Telugu Titans,14,35,26,30,4,5,2.14,0.36,9,,1,,,5
anand patil,Raider,Dabang Delhi,19,33,24,33,,,1.83,0,7,2,,,,5
sagar b krishna,All Rounder,UP Yoddha,17,33,1,1,29,32,0.14,1.88,,,3,,3,5
ashish kumar,Defender,Bengaluru Bulls,20,32,16,17,14,15,1,0.75,4,,1,,1,5
kuldeep singh,Defender,Bengaluru Bulls,16,32,,,30,32,,2,,,2,,3,5
sunil jaipal,Raider,Bengaluru Bulls,13,31,13,16,12,15,1.23,1.15,2,,3,,,5
sidharth,All Rounder,Jaipur Pink Panthers,21,31,3,4,24,27,0.36,1.29,,,3,,1,5
vineet sharma,Raider,Tamil Thalaivas,18,30,15,16,13,14,0.94,0.78,3,,1,,,5
somvir shekhar,Defender,Jaipur Pink Panthers,22,30,,,29,30,,1.36,,,1,,,5
ravi kumar,Defender,Puneri Paltan,23,30,,,28,30,,1.3,,,2,,,5
dong geon lee,Raider,Tamil Thalaivas,17,29,24,29,,,1.71,,13,,,,,5
d. pradap,All Rounder,Tamil Thalaivas,16,29,6,9,19,20,0.6,1.25,,,1,,,5
farhad rahimi milaghardan,Defender,Telugu Titans,18,28,5,6,22,22,0.6,1.22,1,,,,,5
bhupender singh,All Rounder,Bengal Warriors,17,28,16,28,,,1.65,0,7,2,,,,5
satpal,Defender,Dabang Delhi,10,28,,4,22,24,0.57,2.4,1,,2,,1,5
rajesh narwal,All Rounder,UP Yoddha,16,27,7,11,15,16,0.69,1,,1,1,,,5
vikash,Defender,Haryana Steelers,19,26,,,24,26,,1.37,,,2,,,5
dharmaraj cheralathan,Defender,Puneri Paltan,18,25,,,24,25,0,1.39,,,1,,,5
sunil,Defender,Dabang Delhi,18,25,,,24,25,,1.39,,,1,,,5
harish naik,Raider,Bengaluru Bulls,14,24,20,24,,,1.71,0,6,,,1,,5
gurvinder singh,Raider,Bengaluru Bulls,9,24,10,17,7,7,1.89,0.78,5,1,,,,5
nilesh shinde,Defender,Dabang Delhi,15,24,2,4,19,20,0.5,1.33,1,,1,,3,5
rohit rana,Defender,Telugu Titans,21,24,,,24,24,,1.14,,,,,,5
rakesh singh kumar,Defender,Haryana Steelers,19,24,,,23,24,,1.26,,,1,,1,5
rakesh kumar,All Rounder,Telugu Titans,10,23,7,7,15,16,0.7,1.6,,,1,,,5
ajit singh,Raider,Jaipur Pink Panthers,11,23,17,23,,,2.09,,7,1,,,,5
sachin shingade,Defender,Patna Pirates,26,22,,,21,22,,0.85,,,1,,,5
manish,Defender,Patna Pirates,23,22,,,17,22,,0.96,,,5,,,5
suresh kumar,Raider,Puneri Paltan,11,22,12,22,,,2,,9,,,,,5
rinku narwal,Defender,Puneri Paltan,13,22,1,1,17,21,0.2,1.62,,,4,,1,5
akshay jadhav,Raider,Puneri Paltan,10,21,9,9,10,12,0.9,1.2,4,,2,,1,5
ziaur rahman,Defender,Puneri Paltan,16,20,,,18,20,,1.25,,,2,,1,5
hadi oshtorak,All Rounder,U Mumba,16,20,,,17,20,,1.25,,,3,,,5
rakesh narwal,Raider,Gujarat Fortune Giants,6,18,15,17,1,1,2.83,,1,1,,,,5
sunil siddhgavali,Raider,Jaipur Pink Panthers,12,16,,,15,16,,1.33,,,1,,1,5
pankaj,All Rounder,UP Yoddha,13,16,,,16,16,0,1.23,,,,,,5
elangeshwaran r,All Rounder,Telugu Titans,5,16,7,12,2,4,2.4,0.8,4,1,2,,,5
m. thivakaran,Raider,Tamil Thalaivas,9,16,11,14,2,2,1.56,,8,,,,,5
viraj vishnu landge,Defender,Dabang Delhi,19,16,,,16,16,,0.84,,,,,,5
more gb,Raider,Puneri Paltan,6,16,13,14,2,2,2.33,,8,,,,,5
santhapanaselvam,All Rounder,Jaipur Pink Panthers,10,15,,,15,15,,1.5,,,,,,5
rakshith,Raider,Telugu Titans,6,14,11,12,2,2,2,,1,,,,,5
neeraj kumar,Defender,Haryana Steelers,17,13,,,12,13,,0.76,,,1,,,5
rohit kumar choudary,Raider,Puneri Paltan,11,13,10,13,,,1.18,,1,,,,,5
swapnil dilip shinde,Defender,Dabang Delhi,13,13,,,13,13,,1,,,,,,5
vikas jaglan,Raider,Patna Pirates,13,13,8,10,3,3,0.83,0.23,1,1,,,,5
nitin madane,Raider,U Mumba,12,13,11,13,,,1.08,0,3,,,,,5
santhosh b.s,Defender,UP Yoddha,9,12,1,3,8,9,0.43,1,,1,1,,,5
ashish chhokar,Raider,Haryana Steelers,5,12,6,9,3,3,1.8,0.6,1,1,,,,5
n. renjith,Defender,U Mumba,11,12,,,10,12,,1.09,,,2,,,5
bajirao hodage,Defender,Dabang Delhi,12,11,,,11,11,,0.92,,,,,,5
vishal,All Rounder,Dabang Delhi,5,11,1,2,6,9,0.5,1.8,1,,3,,1,5
yatharth deshwal,All Rounder,Dabang Delhi,6,11,,,10,11,,1.83,,,1,,,5
pawan kumar sehrawat,Raider,Gujarat Fortune Giants,9,10,5,9,1,1,1,,3,,,,,5
hadi tajik,Defender,UP Yoddha,9,9,2,4,5,5,0.5,0.56,1,,,,,5
tapas pal,All Rounder,Dabang Delhi,5,9,,,9,9,,1.8,,,,,,5
joginder singh narwal,Defender,U Mumba,8,9,,,9,9,,1.13,,,,,,5
d. suresh kumar,Defender,U Mumba,5,8,,,6,8,,1.6,,,2,,,5
ravi dalal,Raider,Dabang Delhi,5,8,3,5,3,3,1,0.6,1,,,,,5
mohan raman g,Raider,U Mumba,4,8,4,8,,,2,,1,,,,,5
virender wazir singh,Raider,Bengal Warriors,3,8,3,8,,,2.67,,5,1,,,,5
deepak yadav,Defender,U Mumba,4,8,,,7,8,,2,,,1,,,5
kuldeep singh,All Rounder,Haryana Steelers,5,8,,1,6,7,,1.4,,,1,,1,5
deepak kumar rathee,All Rounder,Haryana Steelers,6,7,3,3,3,4,0.5,0.67,1,,1,,,5
shubham ashok palkar,Raider,Dabang Delhi,8,7,6,7,,,0.88,,2,,,,,5
preetam chhillar,All Rounder,Bengaluru Bulls,16,7,1,3,4,4,0.27,0.25,,1,,,,5
sachin kumar,Defender,Bengaluru Bulls,9,7,,1,6,6,0.25,0.67,,,,,1,5
manoj dhull,Defender,Jaipur Pink Panthers,9,6,,,6,6,,0.67,,,,,,5
vinoth kumar,Raider,Telugu Titans,4,6,5,6,,,1.5,,2,,,,,5
mayur shivtarkar,All Rounder,Haryana Steelers,5,6,5,5,1,1,1,,5,,,,,5
rahul kumar,Defender,Bengal Warriors,10,6,,,6,6,,0.6,,,,,,5
rahul choudhary,Raider,Jaipur Pink Panthers,5,6,4,5,1,1,1,,1,,,,,5
vijay kumar,Defender,Tamil Thalaivas,8,6,,1,3,5,,0.63,,,2,,,5
vikash,All Rounder,Bengal Warriors,4,5,,,5,5,,1.25,,,,,,5
gurvinder singh,Defender,UP Yoddha,5,5,,,5,5,,1,,,,,,5
jeeva gopal,Defender,Haryana Steelers,6,5,,,3,5,,0.83,,,2,,,5
vijin thangadurai,Defender,Tamil Thalaivas,12,4,,,3,4,,0.33,,,1,,,5
selvamani k,Raider,Jaipur Pink Panthers,3,4,3,4,,,1.33,,,,,,,5
sanket chavan,Defender,Tamil Thalaivas,7,4,,,4,4,,0.57,,,,,,5
rohit,Raider,Bengaluru Bulls,2,4,3,4,,,,,1,,,,,5
vikrant,Raider,Telugu Titans,3,3,1,3,,,,,,,,,,5
muruthu m,Defender,Tamil Thalaivas,3,3,,,3,3,,1,,,,,,5
satish,Defender,Patna Pirates,10,3,,,3,3,,0.3,,,,,,5
tushar balaram bhoir,Defender,Dabang Delhi,8,3,,,2,3,,0.38,,,1,,,5
sanoj kumar,Defender,UP Yoddha,2,3,2,2,1,1,,0.5,,,,,,5
gulveer singh,Raider,UP Yoddha,4,3,1,3,,,0.75,,,,,,,5
bhavani rajput,Raider,Tamil Thalaivas,4,3,1,3,,,0.75,,1,,,,,5
e subash,All Rounder,U Mumba,2,3,,,2,3,,1.5,,,1,,,5
rohit kumar,Defender,UP Yoddha,7,3,1,2,1,1,,0.14,,,,,,5
young chang ko,Defender,Bengal Warriors,14,2,,,2,2,,0.14,,,,,,5
kuldeep,Raider,Bengal Warriors,5,2,,,2,2,,,,,,,,5
ravindra ramesh kumawat,All Rounder,Bengal Warriors,2,2,2,2,,,1,,2,,,,,5
anil kumar,Defender,Tamil Thalaivas,5,2,,,2,2,,0.4,,,,,,5
david shilisia j mosambayi,Raider,Haryana Steelers,2,2,1,2,,,1,,,,,,,5
shashank wankhede,Defender,Bengal Warriors,3,2,,,2,2,,0.67,,,,,,5
suresu kumar,Raider,Dabang Delhi,3,2,2,2,,,0.67,,,,,,,5
parmod narwal,All Rounder,Haryana Steelers,6,2,,,2,2,0,0.33,,,,,,5
vinod kumar,Defender,Telugu Titans,4,2,,,2,2,,0.5,,,,,,5
babu m,Defender,Haryana Steelers,2,2,,,2,2,,1,,,,,,5
munish,Raider,Telugu Titans,3,1,,1,,,,,,,,,,5
anil kumar,Raider,Bengal Warriors,2,1,,1,,,,,,,,,,5
dong ju hong,All Rounder,U Mumba,3,1,,1,,,,,,,,,,5
manoj kumar,Defender,Gujarat Fortune Giants,5,1,,,1,1,,,,,,,,5
rupesh tomar,All Rounder,Dabang Delhi,1,1,,,1,1,0,,,,,,,5
anil kumar,Defender,Tamil Thalaivas,5,1,,,1,1,,,,,,,,5
umesh mhatre,Raider,Puneri Paltan,5,1,1,1,,,0.2,,1,,,,,5
ravinder kumar,Defender,Jaipur Pink Panthers,1,1,,,1,1,,,,,,,,5
yong joo ok,All Rounder,U Mumba,1,1,1,1,,,,,1,,,,,5
ajvender singh,Raider,UP Yoddha,2,1,,,1,1,,,,,,,,5
vishnu uthaman,Raider,Patna Pirates,3,1,,,1,1,0,,,,,,,5
kamal kishor jat,Raider,Jaipur Pink Panthers,7,,,,,,0,,,,,,,5
navneet gautam,Defender,Jaipur Pink Panthers,3,,,,,,,0,,,,,,5
pardeep kandola,Defender,Bengaluru Bulls,3,,,,,,,0,,,,,,5
amit sheoran,Defender,Bengaluru Bulls,4,,,,,,,0,,,,,,5
rahul chaudhari,Raider,Telugu Titans,16,150,110,146,3,4,9.13,0.25,38,6,1,7,,4
pardeep narwal,Raider,Patna Pirates,16,133,100,131,1,2,8.19,0.13,23,3,1,5,,4
deepak niwas hooda,All Rounder,Puneri Paltan,16,130,108,126,4,4,7.88,0.25,34,2,,2,,4
rohit kumar,Raider,Bengaluru Bulls,14,100,75,93,6,7,6.64,0.5,15,3,1,1,,4
kashiling adake,Raider,Dabang Delhi,13,89,58,78,8,11,6,0.85,17,3,3,2,,4
jasvir singh,Raider,Jaipur Pink Panthers,14,88,64,82,4,6,5.86,0.43,17,,2,2,,4
rajesh narwal,All Rounder,Jaipur Pink Panthers,16,85,52,66,18,19,4.13,1.19,15,3,1,1,,4
anup kumar,Raider,U Mumba,14,82,60,72,9,10,5.14,0.71,3,1,1,,,4
meraj sheykh,All Rounder,Dabang Delhi,14,75,42,63,9,12,4.5,0.86,22,4,3,,,4
rakesh kumar,All Rounder,U Mumba,14,70,40,44,23,26,3.14,1.86,1,1,3,1,,4
rishank devadiga,Raider,U Mumba,14,70,57,70,,,5,0,19,2,,2,,4
manjeet chhillar,All Rounder,Puneri Paltan,12,68,20,24,43,44,2.4,3.67,2,1,1,,5,4
sandeep narwal,All Rounder,Telugu Titans,16,66,20,24,40,42,1.5,2.63,,,2,,3,4
jang kun lee,Raider,Bengal Warriors,11,65,49,61,4,4,5.55,0.36,13,2,,2,,4
ajay thakur,Raider,Puneri Paltan,16,64,41,63,1,1,3.94,0.06,26,5,,1,,4
monu goyat,Raider,Bengal Warriors,13,63,52,59,3,4,4.54,0.31,18,,1,,,4
nilesh salunke,Raider,Telugu Titans,15,62,47,61,1,1,4.36,0.07,18,1,,1,,4
ajay kumar,Raider,Jaipur Pink Panthers,15,61,44,61,,,4.36,0,36,1,,2,,4
rajesh mondal,Raider,Patna Pirates,15,59,47,57,2,2,3.8,0.13,34,1,,,,4
nitin madane,Raider,Bengal Warriors,13,53,43,51,1,2,3.92,0.15,22,1,1,1,,4
amit hooda,Defender,Jaipur Pink Panthers,16,53,,2,47,51,,3.19,,,4,,3,4
fazel atrachali,Defender,Patna Pirates,16,52,,,45,52,,3.25,,,7,,4,4
mohit chhillar,Defender,Bengaluru Bulls,14,50,1,3,44,47,0.5,3.36,,,3,,4,4
selvamani k,Raider,Dabang Delhi,13,45,34,45,,,3.46,0,27,1,,,,4
sachin shingade,Defender,Dabang Delhi,14,44,,,39,44,,3.14,,,5,,4,4
kuldeep singh,All Rounder,Patna Pirates,15,42,7,8,29,34,0.57,2.27,,,5,,2,4
dharmaraj cheralathan,Defender,Patna Pirates,14,41,2,2,31,39,0.18,2.79,,,8,,4,4
joginder singh narwal,Defender,Puneri Paltan,16,38,3,4,32,34,0.8,2.13,1,,2,,,4
ravinder pahal,Defender,Puneri Paltan,14,37,,,35,37,,2.64,,,2,,3,4
ashish kumar,Defender,Bengaluru Bulls,14,37,11,14,17,23,1.08,1.64,5,,6,,1,4
surender nada,Defender,Bengaluru Bulls,13,37,3,4,29,33,0.67,2.54,,,4,,1,4
cpo surjeet singh,Raider,Patna Pirates,10,37,27,33,4,4,3.3,0.4,5,1,,,,4
po surjeet singh,Defender,U Mumba,14,37,,,33,37,,2.64,,,4,,2,4
sandeep kumar dhull,Defender,Telugu Titans,12,35,,,35,35,,2.92,,,,,2,4
shabeer bappu,Raider,Jaipur Pink Panthers,12,35,18,24,6,11,2,0.92,2,1,5,,1,4
nitin tomar,Raider,Puneri Paltan,12,34,30,33,1,1,2.75,0.08,11,1,,,,4
ran singh,All Rounder,Jaipur Pink Panthers,16,33,4,5,27,28,1,1.75,,,1,,,4
sonu narwal,Raider,Puneri Paltan,11,32,25,32,,,2.91,,2,,,,,4
vishal mane,Defender,Bengal Warriors,14,31,,,28,31,,2.21,,,3,,2,4
vinod kumar,Defender,Telugu Titans,12,30,,,30,30,,2.5,,,,,1,4
nilesh shinde,Defender,Bengal Warriors,12,28,1,2,26,26,0.25,2.17,,,,,,4
jeeva kumar,Defender,U Mumba,14,26,,,24,26,,1.86,,,2,,,4
girish maruti ernak,Defender,Bengal Warriors,12,25,,,23,25,0,2.08,,,2,,1,4
abolfazl maghsodloumahali,Raider,Patna Pirates,9,25,18,25,,,2.78,,9,2,,,,4
suresu kumar,Raider,U Mumba,11,23,15,20,3,3,1.82,0.27,12,,,,,4
bajirao hodage,Defender,Patna Pirates,14,22,,,20,22,,1.57,,,2,,1,4
mahipal narwal,All Rounder,Jaipur Pink Panthers,14,22,8,13,7,9,1.44,0.64,4,1,2,,,4
somvir shekhar,Defender,Puneri Paltan,16,22,,,21,22,,1.38,,,1,,,4
pawan kumar kadian,Raider,Bengaluru Bulls,9,21,15,20,1,1,2.22,0.11,9,,,,,4
vinod kumar,Raider,Bengaluru Bulls,9,20,16,19,1,1,2.11,0.11,8,,,,,4
prashanth kumar rai,Raider,Dabang Delhi,9,19,12,19,,,2.38,,9,2,,1,,4
d. suresh kumar,Defender,Dabang Delhi,14,19,,,19,19,,1.36,,,,,,4
jasmer singh gulia,All Rounder,Telugu Titans,13,19,,,19,19,0,1.46,,,,,1,4
sunil,Defender,U Mumba,10,17,,1,15,16,,1.6,,,1,,,4
yogesh hooda,Raider,Bengaluru Bulls,5,16,12,14,2,2,2.8,0.4,6,,,,,4
s mahalingam,All Rounder,Telugu Titans,11,16,,,14,16,,1.45,,,2,,,4
anil kumar,Defender,Dabang Delhi,9,16,1,1,11,15,0.33,1.67,1,,4,,,4
tushar patil,Raider,Jaipur Pink Panthers,8,15,11,14,1,1,1.75,0.13,6,,,,,4
c. arun,Defender,Bengal Warriors,14,15,,,14,15,,1.07,,,1,,,4
deepak kumar dahiya,Raider,Bengaluru Bulls,7,13,8,12,1,1,1.71,,5,1,,,,4
hadi oshtorak,All Rounder,Patna Pirates,7,13,,1,9,12,,1.71,,,3,,1,4
deepak narwal,Raider,Dabang Delhi,6,13,8,13,,,2.17,,4,1,,,,4
amit singh chhillar,Defender,Bengal Warriors,9,13,,,13,13,,1.44,,,,,,4
ravi dalal,Raider,Bengal Warriors,6,13,8,13,,,2.17,,7,1,,,,4
k. prapanjan,Raider,Telugu Titans,11,12,10,12,,,1.09,,9,,,,,4
surender singh,Raider,U Mumba,11,11,7,9,2,2,0.9,0.18,4,,,,,4
surjeet narwal,Raider,Bengal Warriors,5,11,6,7,4,4,1.4,0.8,2,,,,,4
pawan kumar sehrawat,Raider,Bengaluru Bulls,10,11,8,11,,,1.57,,6,,,,,4
sanket chavan,Defender,Dabang Delhi,6,11,,,11,11,,1.83,,,,,,4
prashant chavan,Defender,Dabang Delhi,9,10,,,10,10,,1.11,,,,,,4
parmod narwal,All Rounder,Puneri Paltan,8,9,3,8,1,1,1.33,0.13,1,1,,,,4
sumit singh,Raider,Bengaluru Bulls,5,9,5,7,1,2,1.4,,2,,1,,,4
athul ms,Raider,Telugu Titans,4,8,6,8,,,2,,4,,,,,4
vinoth kumar,Raider,Telugu Titans,3,8,7,8,,,2.67,,2,,,,,4
umesh mhatre,Raider,Dabang Delhi,2,8,4,4,3,4,2,2,1,,1,,,4
d. gopu,Defender,Dabang Delhi,5,7,,,5,7,,1.4,,,2,,1,4
sukesh hegde,Raider,Telugu Titans,9,7,5,7,,,0.78,0,5,,,,,4
shrikant jadhav,Raider,Bengal Warriors,5,7,6,7,,,1.75,,,,,,,4
vishal bhardwaj,All Rounder,Telugu Titans,2,7,1,1,6,6,,3,,,,,,4
vikash kumar,Raider,U Mumba,6,6,4,6,,,1,,,,,,,4
sagar b krishna,All Rounder,Telugu Titans,11,6,,,6,6,,0.55,,,,,,4
mahesh goud,Raider,Patna Pirates,7,5,4,5,,,0.83,,1,,,,,4
manoj kumar,Defender,Bengaluru Bulls,8,4,,,4,4,,0.5,,,,,,4
gurvinder singh,Raider,U Mumba,6,4,4,4,,,0.67,,2,,,,,4
amit om prakash rathi,Raider,Bengaluru Bulls,2,4,3,4,,,2,,3,,,,,4
rohit rana,Defender,Jaipur Pink Panthers,5,3,,,3,3,,0.6,,,,,,4
rupesh tomar,All Rounder,Telugu Titans,3,3,,,3,3,,1,,,,,,4
parvesh bhainswal,Defender,Jaipur Pink Panthers,7,3,,,3,3,,0.43,,,,,,4
vikash khandola,Raider,Dabang Delhi,4,3,3,3,,,0.75,,3,,,,,4
ravindra ramesh kumawat,All Rounder,Bengal Warriors,2,3,2,2,1,1,1,,,,,,,4
amit nagar,Raider,Jaipur Pink Panthers,3,2,1,2,,,0.67,,,,,,,4
jawahar dagar,Raider,Jaipur Pink Panthers,6,2,,,2,2,,0.33,,,,,,4
anil kumar,Defender,Patna Pirates,4,2,,,2,2,,0.5,,,,,,4
shrikant tewthia,All Rounder,Jaipur Pink Panthers,4,2,,,1,2,0,,,,1,,,4
rahul kumar,Defender,Bengaluru Bulls,9,2,,,2,2,,0.22,,,,,,4
vijin thangadurai,Defender,Patna Pirates,9,2,,,2,2,,0.22,,,,,,4
preetam chhillar,All Rounder,Puneri Paltan,8,2,,,2,2,,0.25,,,,,,4
manoj dhull,Defender,U Mumba,2,1,,,1,1,,,,,,,,4
sunny,Raider,Patna Pirates,3,1,,1,,,0.33,,1,,,,,4
hadi tajik,Defender,Dabang Delhi,1,1,,,1,1,,,,,,,,4
nitin kumar,All Rounder,U Mumba,1,1,1,1,,,,,1,,,,,4
sunil kumar,Defender,Patna Pirates,1,1,1,1,,,,,,,,,,4
ajay singh,Defender,Bengaluru Bulls,1,1,,,1,1,,1,,,,,,4
parveen narwal,All Rounder,Jaipur Pink Panthers,1,1,1,1,,,,,,,,,,4
bhupender singh,All Rounder,Dabang Delhi,4,,,,,,0,,,,,,,4
mahendra ganesh rajput,Raider,Bengal Warriors,4,,,,,,0,,,,,,,4
jeeva gopal,Defender,Bengaluru Bulls,5,,,,,,,0,,,,,,4
ravi kumar,Defender,Bengal Warriors,5,,,,,,,0,,,,,,4
pardeep narwal,Raider,Patna Pirates,16,121,83,116,5,5,7.73,0.31,25,10,,5,,3
rishank devadiga,Raider,U Mumba,16,115,86,106,8,9,6.63,0.56,29,4,1,2,,3
rohit kumar,Raider,Patna Pirates,12,109,80,102,7,7,9.27,0.58,20,4,,5,,3
manjeet chhillar,All Rounder,Puneri Paltan,15,106,37,45,56,61,3,4.07,6,2,5,,5,3
rahul chaudhari,Raider,Telugu Titans,13,99,77,87,10,12,6.69,0.92,9,1,2,4,,3
jang kun lee,Raider,Bengal Warriors,15,90,64,79,9,11,5.27,0.73,33,2,2,2,,3
nitin tomar,Raider,Bengal Warriors,10,81,68,77,3,4,7.7,0.4,5,1,1,2,,3
rajesh narwal,All Rounder,Jaipur Pink Panthers,14,80,47,59,18,21,4.21,1.5,14,2,3,1,1,3
anup kumar,Raider,U Mumba,13,79,63,76,3,3,5.85,0.23,3,3,,,,3
kashiling adake,Raider,Dabang Delhi,11,78,55,75,3,3,6.82,0.27,9,3,,1,,3
deepak niwas hooda,All Rounder,Puneri Paltan,12,76,62,69,7,7,5.75,0.58,21,,,1,,3
cpo surjeet singh,Raider,Dabang Delhi,12,68,54,68,,,5.67,0,6,,,5,,3
sukesh hegde,Raider,Telugu Titans,13,64,49,61,2,3,4.69,0.23,11,,1,,,3
sandeep narwal,All Rounder,Patna Pirates,14,64,8,9,53,55,0.64,3.93,,,2,,6,3
ajay thakur,Raider,Puneri Paltan,14,56,41,52,4,4,3.71,0.29,24,2,,1,,3
rohit baliyan,Raider,Telugu Titans,11,56,44,54,2,2,4.91,0.18,8,2,,2,,3
sonu narwal,Raider,Jaipur Pink Panthers,11,55,49,55,,,5,,8,2,,,,3
pawan kumar sehrawat,Raider,Bengaluru Bulls,13,53,36,45,6,8,3.46,0.62,19,1,2,,,3
rakesh kumar,All Rounder,U Mumba,15,51,29,33,16,18,2.2,1.2,6,,2,,1,3
po surjeet singh,Defender,Puneri Paltan,12,49,1,1,47,48,0.25,4,,,1,,5,3
meraj sheykh,All Rounder,Telugu Titans,14,48,20,27,18,21,1.93,1.5,11,,3,,,3
jasmer singh gulia,All Rounder,Puneri Paltan,16,46,,,41,46,,2.88,,,5,,4,3
mohit chhillar,Defender,U Mumba,13,46,,,44,46,,3.54,,,2,,6,3
surender singh,Raider,Puneri Paltan,12,45,34,44,1,1,3.67,0.08,12,2,,,,3
surjeet narwal,Raider,Bengaluru Bulls,12,43,29,40,3,3,3.33,0.25,2,2,,1,,3
ran singh,All Rounder,Jaipur Pink Panthers,14,41,15,20,21,21,1.54,1.5,8,2,,,,3
selvamani k,Raider,Dabang Delhi,8,39,29,38,1,1,4.75,0.13,25,1,,1,,3
bajirao hodage,Defender,Bengal Warriors,16,37,,,36,37,,2.31,,,1,,1,3
deepak kumar dahiya,Raider,Bengaluru Bulls,10,37,29,37,,,3.7,,20,3,,,,3
dharmaraj cheralathan,Defender,Telugu Titans,14,37,3,6,28,31,0.6,2.21,1,,3,,2,3
nilesh shinde,Defender,Bengal Warriors,16,36,2,2,30,34,0.18,2.13,,,4,,1,3
amit om prakash rathi,Raider,Bengaluru Bulls,8,36,21,30,4,6,3.75,0.75,11,1,2,,,3
mahesh goud,Raider,Bengal Warriors,13,34,30,33,1,1,2.54,0.08,12,,,,,3
girish maruti ernak,Defender,Bengal Warriors,11,34,,1,33,33,0.11,3,,,,,3,3
ravinder pahal,Defender,Dabang Delhi,11,34,4,8,22,26,0.89,2.36,,,4,,2,3
shrikant tewthia,All Rounder,Bengaluru Bulls,13,33,16,20,12,13,2,1,,1,1,,1,3
deepak narwal,Raider,Patna Pirates,9,33,21,31,1,2,3.88,,6,,1,1,,3
fazel atrachali,Defender,U Mumba,11,33,,1,32,32,,2.91,,,,,2,3
sandeep kumar dhull,Defender,Dabang Delhi,10,32,,,26,32,,3.2,,,6,,2,3
ashish kumar,Defender,Bengaluru Bulls,13,32,5,7,25,25,0.88,1.92,,,,,1,3
jeeva kumar,Defender,U Mumba,16,31,,,30,31,,1.94,,,1,,,3
sunil,Defender,Patna Pirates,15,30,1,1,28,29,,1.93,1,,1,,1,3
manpreet singh,Raider,Patna Pirates,13,29,20,24,5,5,1.85,0.38,4,,,,,3
rajesh mondal,Raider,Patna Pirates,9,28,18,27,1,1,3,,16,2,,,,3
mahendra ganesh rajput,Raider,Bengal Warriors,8,26,17,19,5,7,2.38,0.88,12,,2,,,3
jasvir singh,Raider,Jaipur Pink Panthers,4,25,15,25,,,6.25,,12,2,,1,,3
somvir,Defender,Bengaluru Bulls,14,22,,1,20,21,,1.5,,,1,,,3
tushar patil,Raider,Puneri Paltan,13,22,16,22,,,1.83,0,14,2,,,,3
kuldeep singh,All Rounder,Jaipur Pink Panthers,10,21,5,7,11,14,0.7,1.4,1,,3,,1,3
anil kumar,Defender,Dabang Delhi,11,21,2,2,19,19,0.33,1.73,1,,,,,3
umesh mhatre,Raider,Bengal Warriors,6,19,11,14,4,5,2.33,0.83,6,,1,,,3
anil shriram nimbolkar,Raider,Dabang Delhi,6,19,9,15,2,4,2.5,0.67,4,1,2,1,,3
hadi oshtorak,All Rounder,Patna Pirates,10,18,,,17,18,,1.8,,,1,,,3
rohit rana,Defender,Jaipur Pink Panthers,12,18,,1,14,17,0.17,1.42,,,3,,1,3
d. suresh kumar,Defender,Patna Pirates,12,18,,,16,18,,1.5,,,2,,,3
c. arun,Defender,Jaipur Pink Panthers,11,18,1,1,12,17,0.25,1.55,,,5,,1,3
manoj kumar,Defender,Telugu Titans,11,17,,,13,17,,1.55,,,4,,1,3
deepak kumar rathee,All Rounder,Bengaluru Bulls,14,17,4,6,11,11,0.6,0.79,5,1,,,,3
vinod kumar,Defender,Patna Pirates,9,16,,,16,16,,1.78,,,,,,3
rohit kumar choudary,Raider,Dabang Delhi,7,16,11,16,,,2.29,0,5,,,,,3
vinoth kumar,Raider,Bengaluru Bulls,7,16,13,16,,,2.29,,10,,,,,3
vishal mane,Defender,U Mumba,13,16,,,16,16,,1.23,,,,,,3
surender nada,Defender,U Mumba,7,14,,1,13,13,0.5,1.86,,,,,,3
mohammad maghshoudulu,All Rounder,Jaipur Pink Panthers,10,14,8,13,1,1,1.3,,9,,,,,3
preetam chhillar,All Rounder,Bengaluru Bulls,11,14,3,5,9,9,0.83,0.82,,,,,,3
rahul kumar,Defender,Telugu Titans,11,14,,,12,14,,1.27,,,2,,,3
mahipal narwal,All Rounder,Patna Pirates,4,13,3,5,8,8,1.25,2,1,,,,,3
shabeer bappu,Raider,U Mumba,10,13,11,13,,,1.3,,4,,,,,3
bhupender singh,All Rounder,U Mumba,11,12,8,11,1,1,1,0.09,10,,,,,3
vikas kale,Defender,Telugu Titans,9,12,,,12,12,,1.33,,,,,,3
prashanth kumar rai,Raider,Telugu Titans,13,12,8,12,,,1,,1,,,,,3
shyam kumar sah,Defender,Bengal Warriors,7,12,4,7,4,5,1.4,0.71,,1,1,,,3
amit hooda,Defender,Patna Pirates,4,11,,,11,11,,2.75,,,,,,3
nilesh salunke,Raider,Puneri Paltan,7,10,5,10,,,2,,6,1,,,,3
gangadhari mallesh,Raider,Jaipur Pink Panthers,10,10,1,1,8,9,0.17,0.9,1,,1,,,3
shrikant jadhav,Raider,Bengal Warriors,5,10,9,10,,,2,,2,,,,,3
vineet sharma,Raider,Bengal Warriors,4,9,8,8,1,1,2,,,,,,,3
ravi kumar,Defender,Puneri Paltan,12,9,,,8,9,,0.75,,,1,,,3
yogesh hooda,Raider,Puneri Paltan,6,8,5,6,2,2,1.2,0.33,3,,,,,3
anil kashinath patil,All Rounder,Jaipur Pink Panthers,5,8,6,8,,,1.6,,6,,,,,3
samarjeet singh,All Rounder,Jaipur Pink Panthers,5,8,2,2,5,6,0.4,1.2,,,1,,,3
gnanasekaran m,Defender,Dabang Delhi,8,7,3,5,1,2,1,0.25,,,1,,,3
virender wazir singh,Raider,Telugu Titans,4,7,4,6,1,1,1.5,,2,,,,,3
sachin shingade,Defender,Puneri Paltan,2,6,,,5,6,,3,,,1,,,3
pawan kumar kadian,Raider,U Mumba,5,6,4,6,,,1.5,,3,,,,,3
rajaguru subramanian,Defender,Dabang Delhi,7,6,,,6,6,,0.86,,,,,,3
gurvinder singh,Raider,Patna Pirates,5,6,2,4,2,2,0.8,,1,,,,,3
amit singh chhillar,Defender,Dabang Delhi,5,5,,,5,5,,1,,,,,,3
seong ryeol kim,Defender,Dabang Delhi,8,5,2,3,2,2,0.75,0.25,2,,,,,3
nitin more,Defender,Bengal Warriors,10,5,,,5,5,,0.5,,,,,,3
jagdeesha k.k.,Defender,Jaipur Pink Panthers,7,5,,,5,5,,0.71,,,,,,3
navneet gautam,Defender,Jaipur Pink Panthers,7,4,,1,3,3,,0.43,,,,,,3
sunil jaipal,Raider,Patna Pirates,2,4,4,4,,,2,,,,,,,3
deepak kumar,Defender,Bengal Warriors,3,4,,,3,4,,1.33,,,1,,,3
rakesh singh kumar,Defender,Dabang Delhi,8,3,,,3,3,,0.38,,,,,,3
prashant chavan,Defender,Puneri Paltan,6,3,,,3,3,,0.5,,,,,,3
kuldeep singh,Defender,Dabang Delhi,1,3,,,3,3,,,,,,,,3
sandeep,Defender,Patna Pirates,3,3,,,3,3,,1,,,,,,3
sushil vijay bhosle,Defender,Dabang Delhi,2,2,,,2,2,,1,,,,,,3
darshan kadian,Raider,Patna Pirates,2,2,,,2,2,,1,,,,,,3
nirbhay narwal,Defender,Bengaluru Bulls,2,2,1,1,1,1,,,1,,,,,3
jay bahadur bohara,Raider,Dabang Delhi,1,2,1,2,,,,,2,,,,,3
vinoth paulyas,Raider,U Mumba,3,2,2,2,,,0.67,,2,,,,,3
k. prapanjan,Raider,U Mumba,4,2,1,2,,,0.5,,1,,,,,3
simon kibura,Raider,Puneri Paltan,2,2,2,2,,,1,,1,,,,,3
parmod narwal,All Rounder,Bengaluru Bulls,4,2,,,2,2,,,,,,,,3
vijin thangadurai,Defender,Bengal Warriors,4,2,,,2,2,,0.5,,,,,,3
suresu kumar,Raider,U Mumba,3,2,2,2,,,,,1,,,,,3
deepak dhull,Defender,Bengal Warriors,1,1,,,1,1,,,,,,,,3
rohit kumar prajapat,Raider,Jaipur Pink Panthers,3,1,,,1,1,0,,,,,,,3
d. gopu,Defender,Telugu Titans,2,1,,,1,1,,,,,,,,3
tae deok eom,All Rounder,Patna Pirates,7,1,1,1,,,,0,,,,,,3
pravin niwale,Raider,Dabang Delhi,2,1,1,1,,,0.5,,,,,,,3
raju lal choudhary,Defender,Jaipur Pink Panthers,1,1,,,1,1,,,,,,,,3
g.s. manikandan,Defender,Dabang Delhi,7,1,,,1,1,,0.14,,,,,,3
t. prasad,All Rounder,Telugu Titans,3,1,,,1,1,,,,,,,,3
isac antony,Raider,Telugu Titans,2,1,1,1,,,,,1,,,,,3
navjot singh,Defender,Dabang Delhi,1,1,,,1,1,,,,,,,,3
hardeep duhan,Defender,Bengaluru Bulls,1,1,,,1,1,,,,,,,,3
parvesh attri,Raider,Bengaluru Bulls,1,1,1,1,,,,,1,,,,,3
ravinandan g.m.,Defender,Dabang Delhi,1,1,,,1,1,,,,,,,,3
sanju,Raider,Telugu Titans,4,1,,,1,1,,0.25,,,,,,3
somvir shekhar,Defender,Puneri Paltan,3,,,,,,,0,,,,,,3
kashiling adake,Raider,Dabang Delhi,14,117,87,114,3,3,8.14,0.21,20,7,,3,,2
manjeet chhillar,All Rounder,Bengaluru Bulls,16,107,60,67,39,40,4.19,2.5,4,,1,,3,2
rahul chaudhari,Raider,Telugu Titans,14,107,75,98,9,9,7,0.64,14,6,,5,,2
deepak niwas hooda,All Rounder,Telugu Titans,15,96,54,60,32,36,4,2.4,8,1,4,1,3,2
rajesh narwal,All Rounder,Jaipur Pink Panthers,14,87,54,69,16,18,4.93,1.29,14,3,2,2,,2
sandeep narwal,All Rounder,Patna Pirates,16,83,36,46,34,37,2.88,2.31,6,1,3,,2,2
anup kumar,Raider,U Mumba,14,81,61,74,6,7,5.29,0.5,8,1,1,1,,2
ajay thakur,Raider,Bengaluru Bulls,13,80,56,79,1,1,6.08,0.08,34,6,,2,,2
jasvir singh,Raider,Jaipur Pink Panthers,13,74,52,64,8,10,4.92,0.77,7,,2,,,2
sandeep kandola,Defender,Telugu Titans,16,70,7,11,55,59,1.38,3.69,,,4,,6,2
wazir singh,Raider,Puneri Paltan,11,67,48,65,2,2,5.91,0.18,7,2,,2,,2
sukesh hegde,Raider,Telugu Titans,13,64,44,62,2,2,4.77,0.15,26,5,,,,2
ravinder pahal,Defender,Dabang Delhi,14,64,3,4,53,60,0.36,4.29,,,7,,5,2
rohit kumar choudary,Raider,Dabang Delhi,14,64,41,61,3,3,4.36,0.21,33,6,,1,,2
kuldeep singh,All Rounder,Jaipur Pink Panthers,14,62,20,28,30,34,2,2.43,6,1,4,,2,2
deepak narwal,Raider,Patna Pirates,16,61,45,57,4,4,3.56,0.25,15,1,,,,2
dharmaraj cheralathan,Defender,Bengaluru Bulls,15,61,15,19,41,42,1.36,2.8,2,,1,,2,2
prashanth kumar rai,Raider,Telugu Titans,15,58,42,54,3,4,3.6,0.27,14,1,1,1,,2
rishank devadiga,Raider,U Mumba,13,58,36,44,14,14,3.38,1.08,25,,,,,2
mahendra ganesh rajput,Raider,Bengal Warriors,12,56,37,55,1,1,4.58,0.08,18,3,,2,,2
sonu narwal,Raider,Jaipur Pink Panthers,11,51,42,51,,,4.64,,12,1,,1,,2
jang kun lee,Raider,Bengal Warriors,14,50,36,48,2,2,3.43,0.14,15,3,,1,,2
gurvinder singh,Raider,Patna Pirates,16,49,34,44,5,5,2.93,0.31,19,1,,1,,2
ravi dalal,Raider,Patna Pirates,11,47,38,44,3,3,4,0.27,8,1,,,,2
shabeer bappu,Raider,U Mumba,10,47,36,46,1,1,4.6,0.1,22,2,,1,,2
ran singh,All Rounder,Jaipur Pink Panthers,14,44,10,13,27,31,1.44,2.21,5,,4,,1,2
surender nada,Defender,U Mumba,14,44,2,3,39,41,0.27,2.93,1,,2,,4,2
mohit chhillar,Defender,U Mumba,14,42,,,39,42,,3,,,3,,3,2
pravin niwale,Raider,Puneri Paltan,8,42,30,41,1,1,5.13,0.13,9,2,,,,2
sunil jaipal,Raider,Bengal Warriors,10,40,24,34,4,6,3.4,0.6,8,2,2,,,2
jeeva kumar,Defender,U Mumba,13,39,1,1,31,38,,2.92,,,7,,3,2
meraj sheykh,All Rounder,Telugu Titans,15,38,18,29,9,9,2.07,0.6,2,3,,1,,2
ravi kumar,Defender,Puneri Paltan,13,37,,,33,37,0,2.85,,,4,,3,2
somvir shekhar,Defender,Bengaluru Bulls,14,35,1,1,32,34,,2.43,,,2,,4,2
rajesh mondal,Raider,Bengaluru Bulls,15,34,27,33,1,1,2.2,0.07,18,1,,,,2
nilesh shinde,Defender,Bengal Warriors,12,30,1,3,21,27,0.43,2.25,1,,6,,1,2
bhupender singh,All Rounder,U Mumba,11,30,18,22,8,8,2.2,0.73,11,1,,,1,2
joginder singh narwal,Defender,Bengaluru Bulls,14,30,,,30,30,,2.14,,,,,,2
d. suresh kumar,Defender,Patna Pirates,16,30,,,26,30,,1.88,,,4,,2,2
girish maruti ernak,Defender,Patna Pirates,13,27,,,26,27,,2.08,,,1,,1,2
pradeep kumar,Raider,U Mumba,6,26,19,24,1,2,4,0.33,5,2,1,1,,2
vishal mane,Defender,U Mumba,14,26,,,26,26,,1.86,,,,,1,2
amit hooda,Defender,Patna Pirates,12,26,4,5,20,21,0.45,1.75,1,,1,,,2
sunil,Defender,Patna Pirates,9,24,1,2,19,22,,2.44,,,3,,1,2
sachin khambe,Defender,Bengal Warriors,8,24,,,20,24,0,3,,,4,,2,2
mahipal narwal,All Rounder,Puneri Paltan,9,21,13,15,6,6,1.67,0.67,4,,,,,2
rakesh narwal,Raider,Bengaluru Bulls,11,21,14,21,,,2.1,0,9,2,,,,2
manoj kumar,Defender,Puneri Paltan,14,20,2,3,13,17,0.3,1.21,,,4,,1,2
shrikant tewthia,All Rounder,Dabang Delhi,9,19,9,10,8,9,1.25,1,3,,1,,,2
rakesh singh kumar,Defender,Dabang Delhi,13,19,,,17,19,0,1.46,,,2,,1,2
dinesh kumar,All Rounder,Bengal Warriors,8,19,17,19,,,2.38,,4,,,,,2
rajaguru subramanian,Defender,Telugu Titans,12,18,,1,15,17,,1.42,,,2,,,2
rakesh kumar,All Rounder,Patna Pirates,4,17,12,14,3,3,3.5,0.75,4,,,,,2
rohit rana,Defender,Jaipur Pink Panthers,10,17,1,1,16,16,,1.6,,,,,1,2
dadaso balaso awad,All Rounder,Dabang Delhi,7,17,4,5,10,12,0.83,1.71,2,,2,,,2
tae deok eom,All Rounder,Patna Pirates,8,16,8,11,5,5,1.83,0.63,4,,,,,2
jitesh joshi,All Rounder,Puneri Paltan,5,16,12,13,3,3,2.6,0.6,5,,,,,2
pawan kumar kadian,Raider,U Mumba,10,16,9,16,,,1.6,,6,1,,,,2
sanjay kumar,All Rounder,Puneri Paltan,7,16,9,15,1,1,2.5,0.14,4,2,,,,2
tushar patil,Raider,Puneri Paltan,6,15,15,15,,,2.5,,6,,,,,2
isac antony,Raider,Telugu Titans,7,14,9,10,4,4,1.67,0.57,1,,,,,2
selvamani k,Raider,Dabang Delhi,10,14,9,14,,,1.56,,1,1,,,,2
yogesh hooda,Raider,Puneri Paltan,4,13,11,12,1,1,3,,5,,,,,2
kedar lal,Raider,Bengal Warriors,9,13,7,12,1,1,1.33,,9,1,,,,2
ashish chhokar,Raider,Bengaluru Bulls,6,13,7,12,1,1,2,,3,,,,,2
vijin thangadurai,Defender,Bengal Warriors,7,13,,,11,13,,1.86,,,2,,,2
manoj dhull,Defender,Puneri Paltan,7,13,,,13,13,,1.86,,,,,,2
bajirao hodage,Defender,Bengal Warriors,7,13,,,13,13,,1.86,,,,,,2
shyam kumar sah,Defender,Bengal Warriors,7,13,,,13,13,,1.86,,,,,1,2
amit singh chhillar,Defender,Dabang Delhi,6,12,,,11,12,,2,,,1,,1,2
amit om prakash rathi,Raider,Puneri Paltan,5,12,9,12,,,2.4,,3,,,,,2
deepak dhull,Defender,Bengal Warriors,8,12,,1,10,11,,1.38,,,1,,1,2
rohit baliyan,Raider,Telugu Titans,5,12,11,12,,,3,,1,,,,,2
fazel atrachali,Defender,U Mumba,5,12,1,1,9,11,,2.2,,,2,,1,2
c. arun,Defender,Jaipur Pink Panthers,8,11,,,10,11,,1.38,,,1,,,2
sachin vittala,Defender,Puneri Paltan,4,11,9,11,,,2.75,,4,1,,,,2
vijender singh,Defender,Puneri Paltan,7,11,,1,9,10,,1.43,,,1,,,2
gangadhari mallesh,Raider,Jaipur Pink Panthers,10,11,2,3,6,8,0.43,0.8,3,,2,,,2
kalimuthu balamahendran,Defender,Puneri Paltan,6,11,2,6,5,5,3,0.83,5,1,,,,2
prashant chavan,Defender,Jaipur Pink Panthers,11,11,,,9,11,0,1,,,2,,,2
preetam chhillar,All Rounder,Bengaluru Bulls,12,10,2,2,8,8,0.29,0.67,,,,,,2
rupesh tomar,All Rounder,Telugu Titans,6,10,3,4,4,6,,1,,,2,,,2
g.s. manikandan,Defender,Dabang Delhi,13,10,,,9,10,,0.77,,,1,,,2
vineet sharma,Raider,Bengal Warriors,8,10,8,8,2,2,1,0.25,2,,,,,2
pardeep narwal,Raider,Bengaluru Bulls,6,9,7,9,,,1.5,,4,1,,,,2
vikas kale,Defender,Bengal Warriors,8,9,,,6,9,,1.13,,,3,,1,2
d. gopu,Defender,Telugu Titans,7,9,,,9,9,,1.29,,,,,,2
surender singh,Raider,Puneri Paltan,2,8,4,5,3,3,2.5,1.5,1,,,,,2
amit kumar tomar,Raider,Dabang Delhi,9,8,3,6,2,2,0.67,0.22,1,,,,,2
harvinder singh,Defender,Puneri Paltan,4,8,,,7,8,,2,,,1,,,2
ravi v.,Raider,Puneri Paltan,2,8,5,8,,,4,,3,,,,,2
hadi oshtorak,All Rounder,Telugu Titans,4,7,,,6,7,,1.75,,,1,,1,2
k. prapanjan,Raider,U Mumba,4,7,3,5,2,2,1.25,,2,,,,,2
deepak kumar dahiya,Raider,Bengaluru Bulls,2,6,3,6,,,3,,4,,,,,2
parveen m. jangra,Defender,Bengal Warriors,6,6,1,1,5,5,0.25,0.83,,,,,,2
deepak kumar,Defender,Bengal Warriors,4,5,,,4,5,,1.25,,,1,,1,2
ashish kumar,Defender,Bengaluru Bulls,5,5,2,2,2,3,0.5,0.6,1,,1,,,2
varinder singh,Defender,Patna Pirates,8,5,,,5,5,,0.63,,,,,,2
vijay malik,Raider,Patna Pirates,7,5,4,5,,,0.71,,3,,,,,2
t. prasad,All Rounder,Telugu Titans,6,4,,,4,4,,0.67,,,,,,2
rajeev kumar,Defender,Dabang Delhi,3,4,,,4,4,,1.33,,,,,,2
sagar khatale,Defender,Puneri Paltan,4,4,,,4,4,,1,,,,,,2
seong ryeol kim,Defender,Bengal Warriors,4,4,,,3,4,,1,,,1,,,2
mahesh goud,Raider,Bengal Warriors,1,3,3,3,,,3,,2,,,,,2
hyunil park,All Rounder,Telugu Titans,2,3,1,2,1,1,,,,,,,,2
sandeep tomar,Raider,Dabang Delhi,3,2,2,2,,,0.67,,1,,,,,2
ravit kumar,Raider,Telugu Titans,3,2,1,1,1,1,,0.33,,,,,,2
sandeep malik,Defender,Bengaluru Bulls,1,2,,,1,2,,,,,1,,,2
aman kumar,Defender,Patna Pirates,4,2,,,2,2,,0.5,,,,,,2
anoop e.v.,Raider,U Mumba,2,2,,,2,2,,1,,,,,,2
jasmer singh gulia,All Rounder,Dabang Delhi,3,2,,,2,2,,0.67,,,,,,2
nitin more,Defender,Puneri Paltan,3,2,,,2,2,,0.67,,,,,,2
suresu kumar,Raider,U Mumba,1,2,1,1,1,1,1,,1,,,,,2
sachin shingade,Defender,Telugu Titans,4,2,,,2,2,,0.5,,,,,,2
samarjeet singh,All Rounder,Jaipur Pink Panthers,5,2,,,1,2,,,,,1,,,2
navneet gautam,Defender,Jaipur Pink Panthers,7,1,,,1,1,,0.14,,,,,,2
jeeva gopal,Defender,U Mumba,2,1,,,1,1,,0.5,,,,,,2
sinotharan kanesharajah,Raider,Bengaluru Bulls,2,1,,1,,,,,1,,,,,2
balbir singh,All Rounder,Jaipur Pink Panthers,2,1,,1,,,,,,,,,,2
gurpreet singh,Defender,Bengaluru Bulls,2,1,,,1,1,,,,,,,,2
simon kibura,Raider,Puneri Paltan,3,1,1,1,,,,,,,,,,2
chandran ranjit,Raider,Telugu Titans,1,1,,,1,1,0,,,,,,,2
inderpal bishnoi,Raider,Dabang Delhi,2,1,1,1,,,,,,,,,,2
amit kumar,All Rounder,Puneri Paltan,1,1,,,1,1,,,,,,,,2
kazuhiro takano,All Rounder,Jaipur Pink Panthers,2,1,1,1,,,,,,,,,,2
mohammad maghshoudulu,All Rounder,Jaipur Pink Panthers,4,1,1,1,,,0.25,,,,,,,2
adinath sakharam gavali,Defender,Bengaluru Bulls,1,1,,,1,1,,1,,,,,,2
jishnu,Defender,Telugu Titans,3,1,,,1,1,,0.33,,,,,,2
anil singh,Defender,Puneri Paltan,2,,,,,,,0,,,,,,2
anup kumar,Raider,U Mumba,16,169,123,155,12,14,9.69,0.88,13,8,2,10,,1
rahul chaudhari,Raider,Telugu Titans,14,161,122,151,9,10,10.79,0.71,8,2,1,8,,1
maninder singh,Raider,Jaipur Pink Panthers,16,137,103,130,6,7,8.13,0.44,22,3,1,5,,1
ajay thakur,Raider,Bengaluru Bulls,15,127,96,122,5,5,8.13,0.33,8,2,,5,,1
kashiling adake,Raider,Dabang Delhi,14,122,92,113,8,9,8.07,0.64,18,3,1,5,,1
manjeet chhillar,All Rounder,Bengaluru Bulls,16,122,53,71,51,51,4.44,3.19,7,2,,2,3,1
surjeet narwal,Raider,Dabang Delhi,14,120,98,113,5,7,8.07,0.5,8,2,2,6,,1
sandeep narwal,All Rounder,Patna Pirates,16,119,68,92,21,27,5.75,1.69,11,8,6,1,2,1
jasvir singh,Raider,Jaipur Pink Panthers,15,113,83,106,6,7,7.07,0.47,9,2,1,2,,1
wazir singh,Raider,Puneri Paltan,12,111,85,104,5,7,8.67,0.58,20,2,2,4,,1
ravi dalal,Raider,Patna Pirates,16,111,87,111,,,6.94,0,20,4,,3,,1
nitin madane,Raider,Bengal Warriors,12,107,78,101,4,6,8.42,0.5,8,3,2,5,,1
rakesh kumar,All Rounder,Patna Pirates,12,99,76,88,11,11,7.33,0.92,6,,,2,,1
rajesh narwal,All Rounder,Jaipur Pink Panthers,16,98,59,72,25,26,4.5,1.63,14,3,1,,2,1
deepak niwas hooda,All Rounder,Telugu Titans,14,89,72,87,2,2,6.21,0.14,8,3,,3,,1
sukesh hegde,Raider,Telugu Titans,14,83,60,79,4,4,5.64,0.29,15,3,,,,1
rishank devadiga,Raider,U Mumba,16,77,45,64,13,13,4,0.81,8,2,,,,1
shabeer bappu,Raider,U Mumba,10,67,51,66,1,1,6.6,0.1,11,2,,3,,1
surender nada,Defender,U Mumba,15,61,8,10,47,51,1.25,3.4,1,,4,,5,1
mahesh goud,Raider,Bengal Warriors,13,59,40,51,8,8,3.92,0.62,5,1,,,,1
jang kun lee,Raider,Bengal Warriors,11,57,39,55,2,2,5,0.18,10,5,,2,,1
jitesh joshi,All Rounder,Puneri Paltan,14,53,31,40,11,13,2.86,0.93,10,,2,,2,1
dharmaraj cheralathan,Defender,Bengaluru Bulls,16,52,8,13,34,39,1.08,2.44,3,,5,,2,1
sunil jaipal,Raider,Bengal Warriors,13,50,22,33,13,17,2.54,1.31,3,2,4,,1,1
shrikant tewthia,All Rounder,Dabang Delhi,14,50,37,41,8,9,2.93,0.64,3,,1,1,,1
jasmer singh gulia,All Rounder,Dabang Delhi,14,45,7,7,36,38,0.78,2.71,2,,2,,,1
rajesh mondal,Raider,Bengaluru Bulls,15,44,32,39,4,5,2.6,0.33,11,2,1,,,1
pawan kumar kadian,Raider,U Mumba,10,44,32,43,1,1,4.3,0.1,6,,,1,,1
manoj kumar,Defender,Puneri Paltan,14,42,14,22,17,20,1.83,1.43,,2,3,,,1
rohit rana,Defender,Jaipur Pink Panthers,15,38,,,37,38,,2.53,,,1,,3,1
mohit chhillar,Defender,U Mumba,16,36,1,1,30,35,,2.19,,,5,,2,1
parmod narwal,All Rounder,Bengaluru Bulls,16,36,10,13,20,23,1.08,1.44,1,,3,,,1
ran singh,All Rounder,Jaipur Pink Panthers,10,36,5,11,23,25,1.38,2.5,2,1,2,,1,1
nilesh shinde,Defender,Bengal Warriors,14,35,5,7,25,28,1.75,2,,,3,,2,1
prashant chavan,Defender,Jaipur Pink Panthers,15,33,1,1,28,32,,2.13,,,4,,2,1
kalimuthu balamahendran,Defender,Puneri Paltan,14,32,8,12,14,20,1,1.43,,1,6,,,1
mahipal narwal,All Rounder,Puneri Paltan,5,31,16,24,7,7,4.8,1.4,5,2,,1,,1
amit singh chhillar,Defender,Dabang Delhi,14,30,1,1,26,29,,2.07,,,3,,1,1
ravinder pahal,Defender,Dabang Delhi,9,29,,,29,29,,3.22,,,,,3,1
d. suresh kumar,Defender,Patna Pirates,12,28,,,24,28,,2.33,,,4,,4,1
mangesh bhagat,Raider,Puneri Paltan,8,28,19,27,1,1,3.38,0.13,6,,,,,1
shyam kumar sah,Defender,Bengal Warriors,13,28,7,10,17,18,1.25,1.38,1,,1,,,1
sachin khambe,Defender,Bengal Warriors,14,27,5,5,20,22,1,1.57,1,,2,,,1
wasim sajjad,Defender,Patna Pirates,15,27,,,24,27,,1.8,,,3,,,1
gurpreet singh,Defender,Bengaluru Bulls,16,27,1,2,24,25,,1.56,1,,1,,1,1
d. gopu,Defender,Telugu Titans,15,27,4,4,20,23,0.5,1.53,,,3,,,1
girish maruti ernak,Defender,Patna Pirates,12,25,2,2,22,23,0.33,1.92,,,1,,1,1
mahendra ganesh rajput,Raider,Bengal Warriors,8,21,17,21,,,2.63,,2,,,,,1
deepak kumar dahiya,Raider,Bengaluru Bulls,7,21,15,19,2,2,2.71,0.29,9,,,,,1
pravin niwale,Raider,Puneri Paltan,7,21,12,20,1,1,3.33,0.14,5,3,,1,,1
vishal mane,Defender,U Mumba,16,20,,,19,20,,1.25,,,1,,1,1
sachin shingade,Defender,Telugu Titans,10,20,,,19,20,,2,,,1,,1,1
vijendar singh,All Rounder,Telugu Titans,8,20,,,19,20,,2.5,,,1,,2,1
rajaguru subramanian,Defender,Telugu Titans,14,19,,,18,19,,1.36,,,1,,,1
ram kumar sah,Defender,Patna Pirates,9,18,3,3,14,15,0.75,1.67,,,1,,2,1
navneet gautam,Defender,Jaipur Pink Panthers,14,17,,,16,17,,1.21,,,1,,1,1
gangadhari mallesh,Raider,Jaipur Pink Panthers,10,16,10,13,3,3,1.63,0.3,1,,,,,1
jeeva kumar,Defender,U Mumba,9,16,,,16,16,,1.78,,,,,,1
waleed al hasani,Raider,Puneri Paltan,6,14,10,14,,,2.33,,1,1,,,,1
gurvinder singh,Raider,Patna Pirates,7,13,6,9,3,4,1.8,0.57,3,,1,,,1
nitin more,Defender,Puneri Paltan,9,12,,,12,12,,1.33,,,,,1,1
preetam chhillar,All Rounder,Bengaluru Bulls,11,12,3,5,7,7,0.83,0.64,,,,,,1
samarjeet singh,All Rounder,Jaipur Pink Panthers,12,12,,1,10,11,0.2,0.92,,,1,,,1
bajirao hodage,Defender,Bengal Warriors,6,11,,,9,11,,1.83,,,2,,,1
sagar khatale,Defender,Puneri Paltan,8,10,,,10,10,,1.25,,,,,,1
balbir singh,All Rounder,Jaipur Pink Panthers,8,9,7,9,,,1.13,,2,,,,,1
simon kibura,Raider,Puneri Paltan,4,8,5,6,2,2,3,0.5,1,,,,,1
swapnil dilip shinde,Defender,Puneri Paltan,8,8,,,8,8,,1,,,,,,1
suresu kumar,Raider,U Mumba,3,6,6,6,,,2,0,1,,,,,1
ehsan zamani fard,Defender,Dabang Delhi,8,6,3,4,2,2,0.5,0.25,,,,,,1
chandran ranjit,Raider,Telugu Titans,6,6,4,6,,,1,0,,,,,,1
jeeva gopal,Defender,U Mumba,11,6,,,6,6,,0.55,,,,,,1
wajid ali,All Rounder,Telugu Titans,4,5,3,4,1,1,,0.25,,,,,,1
kuldeep singh,Defender,Patna Pirates,3,5,,,4,5,,1.67,,,1,,,1
dadaso balaso awad,All Rounder,Dabang Delhi,5,5,,,4,5,,1,,,1,,,1
sinotharan kanesharajah,Raider,Bengaluru Bulls,1,5,2,4,1,1,,,,1,,,,1
seong ryeol kim,Defender,Bengal Warriors,3,5,,,5,5,,1.67,,,,,,1
punit kumar teotia,Raider,Dabang Delhi,4,5,2,3,2,2,0.75,0.5,,,,,,1
mandeep kumar,Raider,Patna Pirates,7,5,2,5,,,1,0,,1,,,,1
rupesh tomar,All Rounder,Telugu Titans,5,5,1,1,3,4,,0.8,,,1,,,1
vikas tomar,Defender,Puneri Paltan,8,5,,,4,5,,0.63,,,1,,,1
prashanth kumar rai,Raider,Telugu Titans,7,5,5,5,,,0.71,0,,,,,,1
rakesh singh kumar,Defender,Dabang Delhi,9,4,1,1,3,3,,0.33,,,,,,1
gurchet singh,All Rounder,Bengaluru Bulls,4,4,1,1,3,3,0.25,0.75,,,,,,1
sunil hanumanthappa,Raider,Bengaluru Bulls,5,4,1,2,2,2,,,,,,,,1
tae deok eom,All Rounder,Patna Pirates,9,4,1,2,1,2,0.67,0.22,1,,1,,,1
dovlet boshimov,Raider,Patna Pirates,2,4,3,4,,,,,1,,,,,1
parveen kumar,Defender,Bengal Warriors,8,3,,,2,3,,0.38,,,1,,,1
raju lal choudhary,Defender,Jaipur Pink Panthers,5,2,,,2,2,,0.4,,,,,,1
gokul shitole,Defender,Jaipur Pink Panthers,3,2,,,2,2,,0.67,,,,,,1
md. aruduzzaman munshi,Raider,U Mumba,5,2,2,2,,,,,,,,,,1
farhad kamal gharibi,Defender,Bengal Warriors,2,2,,,1,2,,,,,1,,,1
takamitsu kono,All Rounder,Dabang Delhi,1,2,1,1,1,1,,,,,,,,1
dong ju hong,All Rounder,Dabang Delhi,2,1,1,1,,,,,,,,,,1
atif waheed,All Rounder,Telugu Titans,3,1,,,1,1,,0.33,,,,,,1
sunil subhash lande,Defender,Puneri Paltan,4,1,,,1,1,,0.25,,,,,,1
somvir shekhar,Defender,Patna Pirates,6,,,,,,,0,,,,,,1
kiran a,Defender,Telugu Titans,4,,,,,,,0,,,,,,1
